"ORDERID","PRODUCTID","PRODUCTCATEGORY","SALES","ORDER_DATE"
10477,21,"membership",236.775,14-FEB-14
10477,39,"merchandise",1427.5,14-FEB-14
10478,10,"membership",138.6,15-AUG-12
10479,38,"merchandise",2492.1,16-DEC-11
10479,53,"other",1833.16,16-DEC-11
10479,59,"other",493.2,16-DEC-11
10479,64,"other",1044.9,16-DEC-11
10480,47,"merchandise",780.3,17-DEC-11
10480,59,"other",97.68,17-DEC-11
10481,49,"merchandise",454.8,17-APR-12
10481,60,"other",204.8,17-APR-12
10482,40,"merchandise",175.9,18-DEC-11
10483,34,"merchandise",294,20-JAN-13
10483,77,"other",443.205,20-JAN-13
10484,21,"membership",134.12,21-JAN-14
10484,40,"merchandise",184,21-JAN-14
10484,51,"other",272.88,21-JAN-14
10485,2,"membership",383.68,22-AUG-12
10485,3,"membership",476.96,22-AUG-12
10485,55,"other",1161.93,22-AUG-12
10485,70,"other",1768.8,22-AUG-12
10486,11,"membership",141.9,03-SEP-12
10486,51,"other",2421.25,03-SEP-12
10486,74,"other",439.84,03-SEP-12
10487,19,"membership",48.45,23-DEC-11
10487,26,"merchandise",1002,23-DEC-11
10487,54,"other",1008.3,23-DEC-11
10488,59,"other",264,24-DEC-11
10488,73,"other",29.04,24-DEC-11
10489,11,"membership",529.5,24-JAN-13
10489,16,"membership",159.84,24-JAN-13
10490,59,"other",518.4,28-DEC-13
10490,68,"other",398.7,28-DEC-13
10490,75,"other",270,28-DEC-13
10491,44,"merchandise",1420.365,28-DEC-11
10491,77,"other",114.31,28-DEC-11
10492,25,"membership",868.14,29-DEC-11
10492,42,"merchandise",290.22,29-DEC-11
10493,65,"other",156.585,30-DEC-11
10493,66,"other",219.23,30-DEC-11
10493,69,"other",20.57,30-DEC-11
10494,56,"other",1061.1,30-DEC-11
10495,23,"membership",83.3,15-SEP-12
10495,41,"merchandise",204.4,15-SEP-12
10495,77,"other",65.6,15-SEP-12
10496,31,"merchandise",171.57,30-JAN-13
10497,56,"other",579.46,30-JAN-13
10497,72,"other",278,30-JAN-13
10497,77,"other",303,30-JAN-13
10498,24,"membership",68.6,04-FEB-12
10498,40,"merchandise",90,04-FEB-12
10498,42,"merchandise",453,04-FEB-12
10499,28,"merchandise",872.8,05-MAR-12
10499,49,"merchandise",476.5,05-MAR-12
10500,15,"membership",81.018,05-MAR-13
10500,28,"merchandise",394.128,05-MAR-13
10501,54,"other",755.8,05-SEP-13
10502,45,"merchandise",210,07-MAR-12
10502,53,"other",400.98,07-MAR-12
10502,67,"other",1899.6,07-MAR-12
10503,14,"membership",1743.7,08-MAR-12
10503,65,"other",197.4,08-MAR-12
10504,2,"membership",246,08-MAR-12
10504,21,"membership",129,08-MAR-12
10504,53,"other",623.2,08-MAR-12
10504,61,"other",650.5,08-MAR-12
10505,62,"other",94.08,11-MAR-12
10506,25,"membership",292.446,12-MAR-12
10506,70,"other",473.55,12-MAR-12
10507,43,"merchandise",196.8225,12-SEP-14
10507,48,"merchandise",551.1375,12-SEP-14
10508,13,"membership",240.9,13-MAR-12
10508,39,"merchandise",640.2,13-MAR-12
10509,28,"merchandise",149.76,13-MAR-13
10510,29,"merchandise",4764.24,14-APR-13
10510,75,"other",312.444,14-APR-13
10511,4,"membership",1371.95,15-APR-12
10511,7,"membership",2442.6,15-APR-12
10511,8,"membership",252.655,15-APR-12
10512,24,"membership",52.9,17-SEP-13
10512,46,"merchandise",129.8925,17-SEP-13
10512,47,"merchandise",183.885,17-SEP-13
10512,60,"other",72.45,17-SEP-13
10513,21,"membership",475.68,19-APR-14
10513,32,"merchandise",1079.4,19-APR-14
10513,61,"other",460.26,19-APR-14
10514,20,"membership",3433.17,19-APR-12
10514,28,"merchandise",1618.05,19-APR-12
10514,56,"other",2674.7,19-APR-12
10514,65,"other",429,19-APR-12
10514,75,"other",368.5,19-APR-12
10515,9,"membership",773.72,20-FEB-12
10515,16,"membership",434,20-FEB-12
10515,27,"merchandise",5004,20-FEB-12
10515,33,"merchandise",515.384,20-FEB-12
10515,60,"other",516.81,20-FEB-12
10516,18,"membership",749.375,21-APR-12
10516,41,"merchandise",924,21-APR-12
10516,42,"merchandise",291.4,21-APR-12
10517,52,"other",512.94,21-JUL-12
10517,59,"other",33.2,21-JUL-12
10517,70,"other",186.54,21-JUL-12
10518,24,"membership",21.65,22-APR-12
10518,38,"merchandise",1150.35,22-APR-12
10518,44,"merchandise",691.29,22-APR-12
10519,10,"membership",126.84,15-SEP-12
10519,56,"other",1629.2,15-SEP-12
10519,60,"other",53.655,15-SEP-12
10520,24,"membership",37.44,25-MAY-13
10520,53,"other",284.5,25-MAY-13
10521,35,"merchandise",18.72,26-FEB-12
10521,41,"merchandise",96.3,26-FEB-12
10521,68,"other",76.68,26-FEB-12
10522,1,"membership",1038.24,27-FEB-12
10522,8,"membership",502.32,27-FEB-12
10522,30,"merchandise",621.12,27-FEB-12
10522,40,"merchandise",547.5,27-FEB-12
10523,17,"membership",672.375,27-FEB-13
10523,20,"membership",1385.01,27-FEB-13
10523,37,"merchandise",79.794,27-FEB-13
10523,41,"merchandise",68.64,27-FEB-13
10524,10,"membership",14.98,28-OCT-11
10524,30,"merchandise",272.5,28-OCT-11
10524,43,"merchandise",780,28-OCT-11
10524,54,"other",513.45,28-OCT-11
10525,36,"merchandise",219.3,29-MAY-12
10525,40,"merchandise",304.59,29-MAY-12
10526,1,"membership",179.676,02-MAY-12
10526,13,"membership",262.4,02-MAY-12
10526,56,"other",1438.305,02-MAY-12
10527,4,"membership",1294.15,02-MAY-14
10527,36,"merchandise",277.2,02-MAY-14
10528,11,"membership",88.11,03-FEB-12
10528,33,"merchandise",261.408,03-FEB-12
10528,72,"other",95.94,03-FEB-12
10529,55,"other",517.58,04-SEP-14
10529,68,"other",274.6,04-SEP-14
10529,69,"other",20.6,04-SEP-14
10530,17,"membership",968,05-SEP-12
10530,43,"merchandise",272.75,05-SEP-12
10530,61,"other",554.2,05-SEP-12
10530,76,"other",19557.5,05-SEP-12
10531,59,"other",15.8,05-MAY-14
10532,30,"merchandise",369.9,06-MAY-14
10532,66,"other",449.28,06-MAY-14
10533,4,"membership",1061.025,09-MAY-12
10533,72,"other",264.72,09-MAY-12
10533,73,"other",25.704,09-MAY-12
10534,30,"merchandise",263.1,09-SEP-12
10534,40,"merchandise",221.76,09-SEP-12
10534,54,"other",443.4,09-SEP-12
10535,11,"membership",1556.5,10-AUG-12
10535,40,"merchandise",213.4,10-AUG-12
10535,57,"other",112.09,10-AUG-12
10535,59,"other",126.39,10-AUG-12
10536,12,"membership",181.875,11-MAR-14
10536,31,"merchandise",178.2,11-MAR-14
10536,33,"merchandise",692.4,11-MAR-14
10536,60,"other",213.0625,11-MAR-14
10537,31,"merchandise",240,11-FEB-12
10537,51,"other",552.84,11-FEB-12
10537,58,"other",1043.4,11-FEB-12
10537,72,"other",233.52,11-FEB-12
10537,73,"other",9.36,11-FEB-12
10538,70,"other",212.52,12-APR-14
10538,72,"other",11.58,12-APR-14
10539,13,"membership",199.12,13-MAY-12
10539,21,"membership",163.65,13-MAY-12
10539,33,"merchandise",414.6,13-MAY-12
10539,49,"merchandise",125.4,13-MAY-12
10540,3,"membership",1146,16-JAN-12
10540,26,"merchandise",1368.4,16-JAN-12
10540,38,"merchandise",2527.2,16-JAN-12
10540,68,"other",456.4,16-JAN-12
10541,24,"membership",162.47,16-JUN-12
10541,38,"merchandise",340.824,16-JUN-12
10541,65,"other",366.3,16-JUN-12
10541,71,"other",274.329,16-JUN-12
10542,11,"membership",444.3075,17-JUN-12
10542,54,"other",822.024,17-JUN-12
10543,12,"membership",358.8,18-JAN-12
10543,23,"membership",772.8,18-JAN-12
10544,28,"merchandise",304.15,18-JUN-12
10544,67,"other",453.6,18-JUN-12
10545,11,"membership",263.7,19-JUN-12
10546,7,"membership",434.6,20-JAN-12
10546,35,"merchandise",181.8,20-JAN-12
10546,62,"other",1180.4,20-JAN-12
10547,32,"merchandise",492.384,19-MAR-13
10547,36,"merchandise",514.8,19-MAR-13
10548,34,"merchandise",109.125,23-MAR-14
10548,41,"merchandise",146.72,23-MAR-14
10549,31,"merchandise",487.025,24-JAN-14
10549,45,"merchandise",1084.45,24-JAN-14
10549,51,"other",5390.832,24-JAN-14
10550,17,"membership",225.632,24-JUL-13
10550,19,"membership",95.2,24-JUL-13
10550,21,"membership",62.7,24-JUL-13
10550,61,"other",282.15,24-JUL-13
10551,16,"membership",391.46,25-JAN-12
10551,35,"merchandise",130.18,25-JAN-12
10551,44,"merchandise",2739.6,25-JAN-12
10552,69,"other",34.56,26-JUL-12
10552,75,"other",214.8,26-JUL-12
10553,11,"membership",454.35,27-JAN-12
10553,16,"membership",127.82,27-JAN-12
10553,22,"membership",78.72,27-JAN-12
10553,31,"merchandise",248.1,27-JAN-12
10553,35,"merchandise",37.5,27-JAN-12
10554,16,"membership",309.015,27-FEB-14
10554,23,"membership",197.82,27-FEB-14
10554,62,"other",562.8,27-FEB-14
10554,77,"other",143.01,27-FEB-14
10555,14,"membership",772.56,29-FEB-12
10555,19,"membership",357,29-FEB-12
10555,24,"membership",88.56,29-FEB-12
10555,51,"other",2441.04,29-FEB-12
10555,56,"other",1915.2,29-FEB-12
10556,72,"other",281.28,29-FEB-12
10557,64,"other",1084.5,30-JUL-14
10557,75,"other",157.6,30-JUL-14
10558,47,"merchandise",619,01-JUL-12
10558,51,"other",1828.6,01-JUL-12
10558,52,"other",2554.2,01-JUL-12
10558,53,"other",1013.94,01-JUL-12
10558,73,"other",2.97,01-JUL-12
10559,41,"merchandise",109.872,02-NOV-11
10559,55,"other",736.344,02-NOV-11
10560,30,"merchandise",512.4,03-JUL-12
10560,62,"other",585,03-JUL-12
10561,44,"merchandise",688.9,03-SEP-12
10561,51,"other",5042.5,03-SEP-12
10562,33,"merchandise",579.04,06-AUG-12
10562,62,"other",320.32,06-AUG-12
10563,36,"merchandise",202,07-AUG-12
10563,52,"other",5688.9,07-AUG-12
10564,17,"membership",422.352,07-OCT-11
10564,31,"merchandise",48.51,07-OCT-11
10564,55,"other",930.5625,07-OCT-11
10565,24,"membership",121.825,08-AUG-12
10565,64,"other",697.752,08-AUG-12
10566,11,"membership",1054.55,09-AUG-12
10566,18,"membership",545.652,09-AUG-12
10566,76,"other",3986.3,09-AUG-12
10567,31,"merchandise",624.24,29-FEB-12
10567,51,"other",324.06,29-FEB-12
10567,59,"other",386.88,29-FEB-12
10568,10,"membership",32.45,10-AUG-12
10569,31,"merchandise",358.26,13-OCT-12
10569,76,"other",11229.9,13-OCT-12
10570,11,"membership",484.785,13-MAR-13
10570,56,"other",2530.71,13-MAR-13
10571,14,"membership",278.1735,13-MAR-13
10571,42,"merchandise",435.988,13-MAR-13
10572,16,"membership",131.736,14-MAR-13
10572,32,"merchandise",223.96,14-MAR-13
10572,40,"merchandise",971.5,14-MAR-13
10572,75,"other",137.28,14-MAR-13
10573,17,"membership",438.66,15-MAR-13
10573,34,"merchandise",295.2,15-MAR-13
10573,53,"other",1640.25,15-MAR-13
10574,33,"merchandise",387.1,15-SEP-13
10574,40,"merchandise",38.58,15-SEP-13
10574,62,"other",300.3,15-SEP-13
10574,64,"other",212.88,15-SEP-13
10575,59,"other",112.08,16-JUL-13
10575,63,"other",118.26,16-JUL-13
10575,72,"other",335.1,16-JUL-13
10575,76,"other",4060.8,16-JUL-13
10576,1,"membership",219.4,19-MAR-13
10576,31,"merchandise",165,19-MAR-13
10576,44,"merchandise",1611.96,19-MAR-13
10577,39,"merchandise",627.2,19-MAR-13
10577,75,"other",167.2,19-MAR-13
10577,77,"other",215.1,19-MAR-13
10578,35,"merchandise",129.4,20-JUL-13
10578,57,"other",117.78,20-JUL-13
10579,15,"membership",70.9,21-MAR-13
10579,75,"other",165.27,21-MAR-13
10580,14,"membership",363.3525,22-MAR-13
10580,41,"merchandise",92.043,22-MAR-13
10580,65,"other",292.32,22-MAR-13
10581,75,"other",467.4,22-MAR-13
10582,57,"other",70.64,23-JUN-13
10582,76,"other",5523.28,23-JUN-13
10583,29,"merchandise",1157.6,26-MAR-13
10583,60,"other",141.312,26-MAR-13
10583,69,"other",22.195,26-MAR-13
10584,31,"merchandise",480.375,26-MAR-13
10585,47,"merchandise",375.6,27-AUG-13
10586,52,"other",375.406,28-AUG-13
10587,26,"merchandise",199.74,28-MAR-13
10587,35,"merchandise",128.4,28-MAR-13
10587,77,"other",246.4,28-MAR-13
10588,18,"membership",1262.4,29-MAR-13
10588,42,"merchandise",1669.2,29-MAR-13
10589,35,"merchandise",24.32,30-MAR-13
10590,1,"membership",403.6,03-APR-13
10590,77,"other",885.78,03-APR-13
10591,3,"membership",272.72,03-JUL-13
10591,7,"membership",385.6,03-JUL-13
10591,54,"other",1851,03-JUL-13
10592,15,"membership",155.4,04-SEP-13
10592,26,"merchandise",151.515,04-SEP-13
10593,20,"membership",2096.388,05-SEP-13
10593,69,"other",47.04,05-SEP-13
10593,76,"other",2010.96,05-SEP-13
10594,52,"other",1964.16,05-SEP-13
10594,58,"other",1368.9,05-SEP-13
10595,35,"merchandise",219.75,06-APR-13
10595,61,"other",3897,06-APR-13
10595,69,"other",146.25,06-APR-13
10596,56,"other",215.46,07-APR-13
10596,63,"other",543.168,07-APR-13
10596,75,"other",268.92,07-APR-13
10597,24,"membership",206.64,08-OCT-12
10597,57,"other",363.6,08-OCT-12
10597,65,"other",136.512,08-OCT-12
10598,27,"merchandise",2074.5,10-APR-13
10598,71,"other",255.96,10-APR-13
10599,62,"other",305.1,11-APR-13
10600,54,"other",141.44,12-SEP-13
10600,73,"other",35.1,12-SEP-13
10601,13,"membership",1422,12-APR-13
10601,59,"other",303.1,12-APR-13
10602,77,"other",81.8125,13-APR-13
10603,22,"membership",159.84,14-APR-13
10603,49,"merchandise",507.4125,14-APR-13
10604,48,"merchandise",220.506,14-AUG-13
10604,76,"other",4068.24,14-AUG-13
10605,16,"membership",297.99,17-APR-13
10605,59,"other",166.95,17-APR-13
10605,60,"other",399.84,17-APR-13
10605,71,"other",508.5675,17-APR-13
10606,4,"membership",548.64,18-SEP-13
10606,55,"other",1002.48,18-SEP-13
10606,62,"other",351.72,18-SEP-13
10607,7,"membership",1629.45,18-MAR-13
10607,17,"membership",2436,18-MAR-13
10607,33,"merchandise",340.2,18-MAR-13
10607,40,"merchandise",700.14,18-MAR-13
10607,72,"other",150.6,18-MAR-13
10608,56,"other",1155.28,19-APR-13
10609,1,"membership",55.5,20-MAR-13
10609,10,"membership",65.7,20-MAR-13
10609,21,"membership",64.14,20-MAR-13
10610,36,"merchandise",198.975,21-APR-13
10611,1,"membership",118.5,21-APR-13
10611,2,"membership",205.5,21-APR-13
10611,60,"other",79.2,21-APR-13
10612,10,"membership",497,24-DEC-12
10612,36,"merchandise",400.95,24-DEC-12
10612,49,"merchandise",324,24-DEC-12
10612,60,"other",182.8,24-DEC-12
10612,76,"other",32075.2,24-DEC-12
10613,13,"membership",241.12,25-APR-13
10613,75,"other",340.8,25-APR-13
10614,11,"membership",365.54,25-APR-13
10614,21,"membership",87.36,25-APR-13
10614,39,"merchandise",298.05,25-APR-13
10615,55,"other",209.25,26-AUG-13
10616,38,"merchandise",1191.8025,27-APR-13
10616,56,"other",561.54,27-APR-13
10616,70,"other",416.43,27-APR-13
10616,71,"other",477.0675,27-APR-13
10617,59,"other",301.875,27-APR-13
10618,6,"membership",270.9,28-MAY-13
10618,56,"other",832,28-MAY-13
10618,68,"other",184.95,28-MAY-13
10619,21,"membership",383.88,30-APR-13
10619,22,"membership",130.8,30-APR-13
10620,24,"membership",22.05,01-DEC-12
10620,52,"other",415.4,01-DEC-12
10621,19,"membership",49.45,01-MAY-13
10621,23,"membership",96.4,01-MAY-13
10621,70,"other",546.8,01-MAY-13
10621,71,"other",487.05,01-MAY-13
10622,2,"membership",355.2,02-MAY-13
10622,68,"other",279.288,02-MAY-13
10623,14,"membership",508.41,03-APR-13
10623,19,"membership",154.275,03-APR-13
10623,21,"membership",276.375,03-APR-13
10623,24,"membership",13.11,03-APR-13
10623,35,"merchandise",202.29,03-APR-13
10624,28,"merchandise",448.6,03-SEP-13
10624,29,"merchandise",725.7,03-SEP-13
10624,44,"merchandise",825.4,03-SEP-13
10625,14,"membership",72.75,04-SEP-13
10625,42,"merchandise",74.6,04-SEP-13
10625,60,"other",48.7,04-SEP-13
10626,53,"other",761.28,07-MAY-13
10626,60,"other",99,07-MAY-13
10626,71,"other",663.2,07-MAY-13
10627,62,"other",460.8,07-MAY-13
10627,73,"other",47.495,07-MAY-13
10628,1,"membership",455.75,08-FEB-13
10629,29,"merchandise",2389.8,08-MAY-13
10629,64,"other",274.05,08-MAY-13
10630,55,"other",444.528,09-JUN-13
10630,76,"other",14078.05,09-JUN-13
10631,75,"other",61.864,10-MAY-13
10632,2,"membership",607.005,10-MAY-13
10632,33,"merchandise",522.48,10-MAY-13
10633,12,"membership",403.236,11-JAN-13
10633,13,"membership",361.192,11-JAN-13
10633,26,"merchandise",1284.3775,11-JAN-13
10633,62,"other",2668,11-JAN-13
10634,7,"membership",1290.45,11-MAY-13
10634,18,"membership",1381.5,11-MAY-13
10634,51,"other",1514.85,11-MAY-13
10634,75,"other",15.08,11-MAY-13
10635,4,"membership",263.01,14-MAR-13
10635,5,"membership",95.535,14-MAR-13
10635,22,"membership",129.2,14-MAR-13
10636,4,"membership",515.75,15-MAY-13
10636,58,"other",285.78,15-MAY-13
10637,11,"membership",267.7,15-MAY-13
10637,50,"merchandise",416.0625,15-MAY-13
10637,56,"other",2314.62,15-MAY-13
10638,45,"merchandise",177.2,16-MAY-13
10638,65,"other",212.94,16-MAY-13
10638,72,"other",646.2,16-MAY-13
10639,18,"membership",193.36,16-MAY-13
10640,69,"other",46,17-MAY-13
10640,70,"other",516,17-MAY-13
10641,2,"membership",929,18-MAY-13
10641,40,"merchandise",1187.4,18-MAY-13
10642,21,"membership",381.24,18-MAY-13
10642,61,"other",643.92,18-MAY-13
10643,28,"merchandise",873,21-AUG-13
10643,39,"merchandise",1478.4,21-AUG-13
10643,46,"merchandise",27.875,21-AUG-13
10644,18,"membership",114.224,21-MAY-13
10644,43,"merchandise",262,21-MAY-13
10644,46,"merchandise",300.3,21-MAY-13
10645,18,"membership",525.2,22-MAY-13
10645,36,"merchandise",118.95,22-MAY-13
10646,1,"membership",364.6875,23-JUL-13
10646,10,"membership",142.875,23-JUL-13
10646,71,"other",1125,23-JUL-13
10646,77,"other",576.1875,23-JUL-13
10647,19,"membership",271.2,23-MAY-13
10647,39,"merchandise",1264,23-MAY-13
10648,22,"membership",52.65,24-FEB-13
10648,24,"membership",83.6625,24-FEB-13
10649,28,"merchandise",948.6,24-MAY-13
10649,72,"other",182.85,24-MAY-13
10650,30,"merchandise",825.3,25-JUN-13
10650,53,"other",1635.375,25-JUN-13
10650,54,"other",1060.5,25-JUN-13
10651,19,"membership",137.25,28-MAY-13
10651,22,"membership",88.75,28-MAY-13
10652,30,"merchandise",65.6,28-SEP-13
10652,42,"merchandise",267.6,28-SEP-13
10653,16,"membership",329.01,28-FEB-13
10653,60,"other",108.9,28-FEB-13
10654,4,"membership",296.604,29-DEC-12
10654,39,"merchandise",1397.88,29-DEC-12
10654,54,"other",212.85,29-DEC-12
10655,41,"merchandise",251.28,28-MAY-13
10656,14,"membership",82.929,28-AUG-13
10656,44,"merchandise",2095.016,28-AUG-13
10656,47,"merchandise",156.618,28-AUG-13
10657,15,"membership",313.5,28-MAY-13
10657,41,"merchandise",245.04,28-MAY-13
10657,46,"merchandise",584.1,28-MAY-13
10657,47,"merchandise",253.2,28-MAY-13
10657,56,"other",1809.45,28-MAY-13
10657,60,"other",144.6,28-MAY-13
10658,21,"membership",582,01-SEP-13
10658,40,"merchandise",1462.65,01-SEP-13
10658,60,"other",265.65,01-SEP-13
10658,77,"other",937.86,01-SEP-13
10659,31,"merchandise",173.04,01-FEB-13
10659,40,"merchandise",490.14,01-FEB-13
10659,70,"other",1098.72,01-FEB-13
10660,20,"membership",1817.55,04-JUN-13
10661,39,"merchandise",236.268,05-JUN-13
10661,58,"other",3075.24,05-JUN-13
10662,68,"other",129.1,05-JUN-13
10663,40,"merchandise",609.21,06-SEP-13
10663,42,"merchandise",464.94,06-SEP-13
10663,51,"other",2033.43,06-SEP-13
10664,10,"membership",189.06,06-JUL-13
10664,56,"other",573.528,06-JUL-13
10664,65,"other",171.6375,06-JUL-13
10665,51,"other",1880.6,07-JUN-13
10665,59,"other",8.03,07-JUN-13
10665,76,"other",3610.5,07-JUN-13
10666,29,"merchandise",4708.8,08-JUN-13
10666,65,"other",110.4,08-JUN-13
10667,69,"other",116.64,08-JUN-13
10667,71,"other",522.648,08-JUN-13
10668,31,"merchandise",71.896,11-DEC-12
10668,55,"other",181.28,11-DEC-12
10668,64,"other",596.805,11-DEC-12
10669,36,"merchandise",241.8,11-JUN-13
10670,23,"membership",274.88,12-JUN-13
10670,46,"merchandise",745.8,12-JUN-13
10670,67,"other",1468.25,12-JUN-13
10670,73,"other",56.5,12-JUN-13
10670,75,"other",184.5,12-JUN-13
10671,16,"membership",101,13-MAR-13
10671,62,"other",273.5,13-MAR-13
10671,65,"other",121.92,13-MAR-13
10672,38,"merchandise",1367.85,13-JUN-13
10672,71,"other",389.64,13-JUN-13
10673,16,"membership",29.01,14-FEB-13
10673,42,"merchandise",81.18,14-FEB-13
10673,43,"merchandise",74.34,14-FEB-13
10674,23,"membership",48.55,14-JUN-13
10675,14,"membership",653.7,15-FEB-13
10675,53,"other",661.8,15-FEB-13
10675,58,"other",1337.7,15-FEB-13
10676,10,"membership",12.96,18-AUG-13
10676,19,"membership",67.55,18-AUG-13
10676,44,"merchandise",1565.76,18-AUG-13
10677,26,"merchandise",1158.51,18-JUN-13
10677,33,"merchandise",243.892,18-JUN-13
10678,12,"membership",960,20-OCT-12
10678,33,"merchandise",756,20-OCT-12
10678,41,"merchandise",1215.6,20-OCT-12
10678,54,"other",1074.3,20-OCT-12
10679,59,"other",102.12,19-JUN-13
10680,16,"membership",533.125,20-MAR-13
10680,31,"merchandise",195.25,20-MAR-13
10680,42,"merchandise",693.5,20-MAR-13
10681,19,"membership",319.77,21-FEB-13
10681,21,"membership",122.364,21-FEB-13
10681,64,"other",899.36,21-FEB-13
10682,33,"merchandise",764.1,21-JUN-13
10682,66,"other",74.16,21-JUN-13
10682,75,"other",247.5,21-JUN-13
10683,52,"other",688.41,22-JUN-13
11016,36,"merchandise",138.56,07-JAN-14
11017,3,"membership",538.25,10-SEP-14
11017,59,"other",933.9,10-SEP-14
11017,70,"other",952.8,10-SEP-14
11018,12,"membership",194.2,10-APR-14
11018,18,"membership",275.6,10-APR-14
11018,56,"other",180.1,10-APR-14
11019,46,"merchandise",34.05,10-MAR-14
11019,49,"merchandise",43.54,10-MAR-14
11020,10,"membership",197.064,10-OCT-13
11021,2,"membership",244.75,11-JAN-14
11021,20,"membership",1114.2,11-JAN-14
11021,26,"merchandise",1901.34,11-JAN-14
11021,51,"other",5569.85,11-JAN-14
11021,72,"other",441.35,11-JAN-14
11022,19,"membership",336.35,11-AUG-14
11022,69,"other",62.1,11-AUG-14
11023,7,"membership",161.2,11-JAN-14
11023,43,"merchandise",357.3,11-JAN-14
11024,26,"merchandise",401.28,12-JAN-14
11024,33,"merchandise",707.4,12-JAN-14
11024,65,"other",196.98,12-JAN-14
11024,71,"other",1430,12-JAN-14
11025,1,"membership",215.05,12-FEB-14
11025,13,"membership",558.8,12-FEB-14
11026,18,"membership",214.88,12-FEB-14
11026,51,"other",929.8,12-FEB-14
11027,24,"membership",179.625,13-JAN-14
11027,62,"other",754.95,13-JAN-14
11028,55,"other",1286.95,13-SEP-14
11028,59,"other",207.12,13-SEP-14
11029,56,"other",763.2,13-FEB-14
11029,63,"other",217.68,13-FEB-14
11030,2,"membership",2427.5,14-JAN-14
11030,5,"membership",424.2,14-JAN-14
11030,29,"merchandise",10074.75,14-JAN-14
11030,59,"other",980,14-JAN-14
11031,1,"membership",965.25,14-JAN-14
11031,13,"membership",2183.2,14-JAN-14
11031,24,"membership",94.92,14-JAN-14
11031,64,"other",648,14-JAN-14
11031,71,"other",460.32,14-JAN-14
11032,36,"merchandise",261.8,14-FEB-14
11032,38,"merchandise",2139,14-FEB-14
11032,59,"other",233.4,14-FEB-14
11033,53,"other",4261.95,14-FEB-14
11033,69,"other",85.14,14-FEB-14
11034,21,"membership",178.86,17-JAN-14
11034,44,"merchandise",879.48,17-JAN-14
11034,61,"other",145.56,17-JAN-14
11035,1,"membership",195.5,17-JUL-14
11035,35,"merchandise",366.6,17-JUL-14
11035,42,"merchandise",399.6,17-JUL-14
11035,54,"other",373,17-JUL-14
11036,13,"membership",175.07,17-FEB-14
11036,59,"other",247.8,17-FEB-14
11037,70,"other",116,18-JAN-14
11038,40,"merchandise",106.62,18-JAN-14
11038,52,"other",155.22,18-JAN-14
11038,71,"other",961.8,18-JAN-14
11039,28,"merchandise",958,18-JAN-14
11039,35,"merchandise",147.84,18-JAN-14
11039,49,"merchandise",1116,18-JAN-14
11039,57,"other",575.68,18-JAN-14
11040,21,"membership",209.2,19-FEB-14
11041,2,"membership",724.32,19-JAN-14
11041,63,"other",610.5,19-JAN-14
11042,44,"merchandise",1131.15,19-JAN-14
11042,61,"other",114.16,19-JAN-14
11043,11,"membership",282.8,19-JAN-14
11044,62,"other",316.8,20-FEB-14
11045,33,"merchandise",375.3,20-JAN-14
11045,51,"other",2461.2,20-JAN-14
11046,12,"membership",195.72,20-MAR-14
11046,32,"merchandise",328.3875,20-MAR-14
11046,35,"merchandise",119.259,20-MAR-14
11047,1,"membership",603.4375,21-SEP-14
11047,5,"membership",223.5,21-SEP-14
11048,68,"other",483.84,21-JAN-14
11049,2,"membership",224.4,21-APR-14
11049,12,"membership",44.256,21-APR-14
11050,76,"other",21109.55,24-JUL-14
11051,24,"membership",49.68,24-JAN-14
11052,43,"merchandise",429.12,24-FEB-14
11052,61,"other",335.04,24-FEB-14
11053,18,"membership",1068.9,24-JAN-14
11053,32,"merchandise",411.2,24-JAN-14
11053,64,"other",1084.2,24-JAN-14
11054,33,"merchandise",238.4,25-JAN-14
11054,67,"other",1090.6,25-JAN-14
11055,24,"membership",67.35,25-JAN-14
11055,25,"membership",189.3,25-JAN-14
11055,51,"other",1941.6,25-JAN-14
11055,57,"other",387.4,25-JAN-14
11056,7,"membership",1686,24-OCT-13
11056,55,"other",1367.45,24-OCT-13
11056,60,"other",269,24-OCT-13
11057,70,"other",86.1,26-JAN-14
11058,21,"membership",30.9,26-JAN-14
11058,60,"other",115.08,26-JAN-14
11058,61,"other",107.88,26-JAN-14
11059,13,"membership",812.4,26-FEB-14
11059,17,"membership",321.6,26-FEB-14
11059,60,"other",181.65,26-FEB-14
11060,60,"other",19.84,27-JAN-14
11060,77,"other",131.1,27-JAN-14
11061,60,"other",79.05,27-JAN-14
11062,53,"other",738.48,27-FEB-14
11062,70,"other",398.592,27-FEB-14
11063,34,"merchandise",241.8,27-JAN-14
11063,40,"merchandise",878.24,27-JAN-14
11063,41,"merchandise",317.46,27-JAN-14
11064,17,"membership",2277.583,28-FEB-14
11064,41,"merchandise",122.76,28-FEB-14
11064,53,"other",1683.275,28-FEB-14
11064,55,"other",174.944,28-FEB-14
11064,68,"other",627.55,28-FEB-14
11065,30,"merchandise",123,28-AUG-14
11065,54,"other",942.25,28-AUG-14
11066,16,"membership",28.08,28-JAN-14
11066,19,"membership",412.02,28-JAN-14
11066,34,"merchandise",265.65,28-JAN-14
11067,41,"merchandise",84.06,03-FEB-14
11068,28,"merchandise",431.112,04-FEB-14
11068,43,"merchandise",464.094,04-FEB-14
11068,77,"other",447.258,04-FEB-14
11069,39,"merchandise",1165.2,06-FEB-14
11070,1,"membership",854.22,10-FEB-14
11070,2,"membership",463.91,10-FEB-14
11070,16,"membership",302.22,10-FEB-14
11070,31,"merchandise",169,10-FEB-14
11071,7,"membership",669.375,11-AUG-14
11071,13,"membership",273.735,11-AUG-14
11072,2,"membership",161.6,13-FEB-14
11072,41,"merchandise",416,13-FEB-14
11072,50,"merchandise",347.82,13-FEB-14
11072,64,"other",4230.2,13-FEB-14
11073,11,"membership",289.3,06-FEB-14
11073,24,"membership",92,06-FEB-14
11074,16,"membership",142.884,07-FEB-14
11075,2,"membership",196.65,10-AUG-14
11075,46,"merchandise",454.71,10-AUG-14
11075,76,"other",871.815,10-AUG-14
11076,6,"membership",95.5,19-FEB-14
11076,14,"membership",623.25,19-FEB-14
11076,19,"membership",122.25,19-FEB-14
11077,2,"membership",545.184,02-SEP-14
11077,3,"membership",87.4,02-SEP-14
11077,4,"membership",70.8,02-SEP-14
11077,6,"membership",223.89,02-SEP-14
11077,7,"membership",630.63,02-SEP-14
11077,8,"membership",118.855,02-SEP-14
11077,10,"membership",98.55,02-SEP-14
11077,12,"membership",112.665,02-SEP-14
11077,13,"membership",264.3,02-SEP-14
11077,14,"membership",1274.11,02-SEP-14
11077,16,"membership",266.5125,02-SEP-14
11077,20,"membership",1245.348,02-SEP-14
11077,23,"membership",132.58,02-SEP-14
11077,32,"merchandise",189.8,02-SEP-14
11077,39,"merchandise",578.55,02-SEP-14
11077,41,"merchandise",69.76,02-SEP-14
11077,46,"merchandise",94.9008,02-SEP-14
11077,52,"other",662.64,02-SEP-14
11077,55,"other",210.55,02-SEP-14
11077,60,"other",45.1984,02-SEP-14
11077,64,"other",526.6905,02-SEP-14
11077,66,"other",162.8,02-SEP-14
11077,73,"other",6.1105,02-SEP-14
11077,75,"other",114.66,02-SEP-14
11077,77,"other",119.8,02-SEP-14
11078,2,"membership",198.45,25-OCT-13
11078,3,"membership",511.875,25-OCT-13
11079,13,"membership",267.75,15-JAN-14
11079,57,"other",285,15-JAN-14
11080,14,"membership",2415,27-FEB-14
11081,75,"other",1163.25,13-SEP-14
11082,3,"membership",732.1475,26-DEC-13
11083,9,"membership",194.5,16-AUG-13
11083,21,"membership",149.25,16-AUG-13
11083,22,"membership",52.5,16-AUG-13
11083,24,"membership",236.25,16-AUG-13
11083,33,"merchandise",76.5,16-AUG-13
11083,37,"merchandise",31.5,16-AUG-13
11083,42,"merchandise",156.5,16-AUG-13
11083,47,"merchandise",127.5,16-AUG-13
11083,51,"other",308.691,16-AUG-13
11083,62,"other",124.8,16-AUG-13
10248,11,"membership",343.44,01-APR-14
10248,42,"merchandise",140.4,01-APR-14
10248,72,"other",63.55,01-APR-14
10249,14,"membership",205.2,01-APR-13
10249,51,"other",4048,01-APR-13
10250,41,"merchandise",95.9,05-APR-14
10250,51,"other",3931.2175,05-APR-14
10250,65,"other",163.3575,05-APR-14
10251,22,"membership",21.357,04-SEP-13
10251,57,"other",332.64,04-SEP-13
10251,65,"other",185.2,04-SEP-13
10252,20,"membership",3189.06,06-JAN-14
10252,33,"merchandise",620.55,06-JAN-14
10252,60,"other",182,06-JAN-14
10253,31,"merchandise",165.6,07-APR-14
10253,39,"merchandise",2433.9,07-APR-14
10253,49,"merchandise",796.4,07-APR-14
10254,24,"membership",77.97,08-OCT-12
10254,55,"other",984.354,08-OCT-12
10254,74,"other",617.4,08-OCT-12
10255,2,"membership",342.4,09-MAR-14
10255,16,"membership",320.95,09-MAR-14
10255,36,"merchandise",194.25,09-MAR-14
10255,59,"other",234.9,09-MAR-14
10256,53,"other",907.95,11-APR-13
10256,77,"other",162,11-APR-13
10257,27,"merchandise",1077.25,12-APR-13
10257,39,"merchandise",329.04,12-APR-13
10257,77,"other",192.6,12-APR-13
10258,2,"membership",1201.2,14-APR-14
10258,5,"membership",478.14,14-APR-14
10258,32,"merchandise",139.32,14-APR-14
10259,21,"membership",101.4,15-APR-12
10259,37,"merchandise",4.37,15-APR-12
10260,41,"merchandise",200.4,15-SEP-13
10260,57,"other",929,15-SEP-13
10260,62,"other",540.375,15-SEP-13
10260,70,"other",770.9625,15-SEP-13
10261,21,"membership",200.2,16-APR-14
10261,35,"merchandise",131.2,16-APR-14
10262,5,"membership",80.352,19-FEB-11
10262,7,"membership",574.5,19-FEB-11
10262,56,"other",69.1,19-FEB-11
10263,16,"membership",709.5,20-APR-14
10263,24,"membership",114.52,20-APR-14
10263,30,"merchandise",1992.75,20-APR-14
10263,74,"other",1254.15,20-APR-14
10264,2,"membership",719.25,20-APR-13
10264,41,"merchandise",274.5625,20-APR-13
10265,17,"membership",717,21-APR-13
10265,70,"other",556.2,21-APR-13
10266,12,"membership",128.016,23-APR-14
10267,40,"merchandise",935.5,25-OCT-13
10267,59,"other",697.13,25-OCT-13
10267,76,"other",6356.7975,25-OCT-13
10268,29,"merchandise",1173,27-APR-11
10268,72,"other",50.56,27-APR-11
10269,33,"merchandise",1726.2,28-JAN-12
10269,72,"other",255.57,28-JAN-12
10270,36,"merchandise",233.4,29-APR-14
10270,43,"merchandise",326.5,29-APR-14
10271,33,"merchandise",577.44,09-SEP-11
10272,20,"membership",529.5,29-FEB-12
10272,31,"merchandise",312.4,29-FEB-12
10272,72,"other",282.24,29-FEB-12
10273,10,"membership",173.376,01-JUL-13
10273,31,"merchandise",140.9625,01-JUL-13
10273,33,"merchandise",509,01-JUL-13
10273,40,"merchandise",1219.05,01-JUL-13
10273,76,"other",14281.344,01-JUL-13
10274,71,"other",623.4,03-MAY-14
10274,72,"other",83.93,03-MAY-14
10275,24,"membership",51.912,03-MAY-13
10275,59,"other",56.196,03-MAY-13
10276,10,"membership",103.8,05-JUL-11
10276,13,"membership",274.5,05-JUL-11
10277,28,"merchandise",889.6,06-MAY-14
10277,62,"other",360.96,06-MAY-14
10278,44,"merchandise",1292.48,09-MAY-11
10278,59,"other",128.55,09-MAY-11
10278,63,"other",168.16,09-MAY-11
10278,73,"other",26.75,09-MAY-11
10279,17,"membership",506.625,09-MAY-13
10280,24,"membership",51,11-SEP-11
10280,55,"other",849.4,11-SEP-11
10280,75,"other",216.3,11-SEP-11
10281,19,"membership",9.9,10-MAY-13
10281,24,"membership",25.08,10-MAY-13
10281,35,"merchandise",25.48,10-MAY-13
10282,30,"merchandise",158.28,11-MAY-13
10282,57,"other",42.04,11-MAY-13
10283,15,"membership",130.6,13-MAY-14
10283,19,"membership",165.24,13-MAY-14
10283,60,"other",181.3,13-MAY-14
10283,72,"other",34.98,13-MAY-14
10284,27,"merchandise",806.8125,15-MAY-13
10284,44,"merchandise",1435.77,15-MAY-13
10284,60,"other",118.25,15-MAY-13
10284,67,"other",400.4375,15-MAY-13
10285,1,"membership",1064.88,17-MAY-12
10285,40,"merchandise",826.56,17-MAY-12
10285,53,"other",2633.472,17-MAY-12
10286,35,"merchandise",606,18-MAR-11
10286,62,"other",1211.2,18-MAR-11
10287,16,"membership",408.48,19-MAR-11
10287,34,"merchandise",153.4,19-MAR-11
10287,46,"merchandise",210.9675,19-MAR-11
10288,54,"other",369.82,19-MAY-13
10288,68,"other",38.808,19-MAY-13
10289,3,"membership",616.2,22-MAY-13
10289,64,"other",320.4,22-MAY-13
10290,5,"membership",131.4,24-MAY-14
10290,29,"merchandise",1890.45,24-MAY-14
10290,49,"merchandise",294.9,24-MAY-14
10290,77,"other",134.9,24-MAY-14
10291,13,"membership",506.66,24-MAY-11
10291,44,"merchandise",2182.752,24-MAY-11
10291,51,"other",234.432,24-MAY-11
10292,20,"membership",1681.4,24-MAY-13
10293,18,"membership",328.56,26-MAR-14
10293,24,"membership",41.1,26-MAR-14
10293,63,"other",105.3,26-MAR-14
10293,75,"other",45.6,26-MAR-14
10294,1,"membership",389.88,27-JAN-14
10294,17,"membership",369.3,27-JAN-14
10294,43,"merchandise",193.5,27-JAN-14
10294,60,"other",95.76,27-JAN-14
10294,75,"other",49.32,27-JAN-14
10295,56,"other",139.36,28-MAY-14
10296,11,"membership",319.44,04-APR-11
10296,16,"membership",280.8,04-APR-11
10296,69,"other",28.35,04-APR-11
10297,39,"merchandise",3561,01-FEB-14
10297,72,"other",239,01-FEB-14
10298,2,"membership",701.6,02-JUN-11
10298,36,"merchandise",367,02-JUN-11
10298,59,"other",343.125,02-JUN-11
10298,62,"other",420,02-JUN-11
10299,19,"membership",137.55,02-JUN-13
10299,70,"other",581.6,02-JUN-13
10300,66,"other",596.7,06-JUN-11
10300,68,"other",225.4,06-JUN-11
10301,40,"merchandise",183.3,05-JUN-13
10301,56,"other",783.4,05-JUN-13
10302,17,"membership",1026,07-JAN-12
10302,28,"merchandise",1198.68,07-JAN-12
10302,43,"merchandise",129.84,07-JAN-12
10303,40,"merchandise",775.28,08-JAN-14
10303,65,"other",355.74,08-JAN-14
10303,68,"other",210.705,08-JAN-14
10304,49,"merchandise",593.7,08-JAN-13
10304,59,"other",79.1,08-JAN-13
10304,71,"other",59.52,08-JAN-13
10305,18,"membership",757.9,10-JUN-14
10305,29,"merchandise",3133.35,10-JUN-14
10305,39,"merchandise",1889.25,10-JUN-14
10306,30,"merchandise",280.2,13-SEP-14
10306,53,"other",611.1,13-SEP-14
10306,54,"other",189.4,13-SEP-14
10307,62,"other",272.7,14-JUN-12
10307,68,"other",38.46,14-JUN-12
10308,69,"other",2.12,14-JUN-13
10308,70,"other",147.75,14-JUN-13
10309,4,"membership",432.8,15-DEC-12
10309,6,"membership",110.7,15-DEC-12
10309,42,"merchandise",27.24,15-DEC-12
10309,43,"merchandise",237.4,15-DEC-12
10309,71,"other",89.28,15-DEC-12
10310,16,"membership",85.3,17-JAN-12
10310,62,"other",160.95,17-JAN-12
10311,42,"merchandise",89.58,17-JUN-14
10311,69,"other",13.86,17-JUN-14
10312,28,"merchandise",196.68,19-JAN-13
10312,43,"merchandise",314.64,19-JAN-13
10312,53,"other",1264.6,19-JAN-13
10312,75,"other",76.3,19-JAN-13
10313,36,"merchandise",101.64,20-JUN-13
10314,32,"merchandise",874.72,21-JAN-13
10314,58,"other",1451.01,21-JAN-13
10314,62,"other",864.325,21-JAN-13
10315,34,"merchandise",117.32,22-FEB-13
10315,70,"other",873.9,22-FEB-13
10316,41,"merchandise",89.6,24-JUN-12
10316,62,"other",2053.1,24-JUN-12
10317,1,"membership",362.4,27-JAN-12
10318,41,"merchandise",191.2,28-JUN-14
10318,76,"other",2214.96,28-JUN-14
10319,17,"membership",209.84,29-OCT-12
10319,28,"merchandise",682.78,29-OCT-12
10319,76,"other",12119.1,29-OCT-12
10320,71,"other",942.6,29-JUN-13
10321,35,"merchandise",54.3,30-JAN-14
10322,52,"other",1560.4,01-JUL-14
10323,15,"membership",30.6,04-SEP-11
10323,25,"membership",57.36,04-SEP-11
10323,39,"merchandise",244.84,04-SEP-11
10324,16,"membership",211.7955,04-FEB-13
10324,35,"merchandise",452.41,04-FEB-13
10324,46,"merchandise",364.5,04-FEB-13
10324,59,"other",382.26,04-FEB-13
10324,63,"other",1894.28,04-FEB-13
10325,6,"membership",22.26,06-FEB-12
10325,13,"membership",277.08,06-FEB-12
10325,14,"membership",190.26,06-FEB-12
10325,31,"merchandise",31.2,06-FEB-12
10325,72,"other",438.4,06-FEB-12
10326,4,"membership",476.16,06-JUL-13
10326,57,"other",287.04,06-JUL-13
10326,75,"other",406,06-JUL-13
10327,2,"membership",576.6,08-SEP-11
10327,11,"membership",1746,08-SEP-11
10327,30,"merchandise",1008.84,08-SEP-11
10327,58,"other",1582.92,08-SEP-11
10328,59,"other",75.51,10-MAR-13
10328,65,"other",414.4,10-MAR-13
10328,68,"other",121.3,10-MAR-13
10329,19,"membership",89.25,12-SEP-11
10329,30,"merchandise",206.724,12-SEP-11
10329,38,"merchandise",1624.56,12-SEP-11
10329,56,"other",505.638,12-SEP-11
10330,26,"merchandise",1882.55,12-SEP-13
10330,72,"other",311.65,12-SEP-13
10331,54,"other",569.55,12-JUL-13
10332,18,"membership",1191.36,14-JUL-14
10332,42,"merchandise",181.56,14-JUL-14
10332,47,"merchandise",471.744,14-JUL-14
10333,14,"membership",248.7,15-JAN-14
10333,21,"membership",115.5,15-JAN-14
10333,71,"other",1364.44,15-JAN-14
10334,52,"other",582.08,17-APR-13
10334,68,"other",127.4,17-APR-13
10335,2,"membership",163.884,18-JAN-13
10335,31,"merchandise",254.4,18-JAN-13
10335,32,"merchandise",134.208,18-JAN-13
10335,51,"other",6007.104,18-JAN-13
10336,4,"membership",459.954,19-JUL-13
10337,23,"membership",360,21-JAN-11
10337,26,"merchandise",805.2,21-JAN-11
10337,36,"merchandise",159.8,21-JAN-11
10337,37,"merchandise",109.2,21-JAN-11
10337,72,"other",300.75,21-JAN-11
10338,17,"membership",524.8,22-JUL-11
10338,30,"merchandise",381,22-JUL-11
10339,4,"membership",213.2,25-JUL-11
10339,17,"membership",1797.81,25-JUL-11
10339,62,"other",857.08,25-JUL-11
10340,18,"membership",510.3,25-FEB-13
10340,41,"merchandise",115.038,25-FEB-13
10340,43,"merchandise",501.06,25-FEB-13
10341,33,"merchandise",211.6,26-JUL-14
10341,59,"other",85.5945,26-JUL-14
10342,2,"membership",566.208,27-JUL-14
10342,31,"merchandise",585.984,27-JUL-14
10342,36,"merchandise",362.88,27-JUL-14
10342,55,"other",1800.96,27-JUL-14
10343,64,"other",1697.5,28-OCT-11
10343,68,"other",48.51,28-OCT-11
10343,76,"other",5862.3,28-OCT-11
10344,4,"membership",727.3,29-JUL-11
10344,8,"membership",1697.5,29-JUL-11
10345,8,"membership",1432.2,28-AUG-14
10345,19,"membership",806.4,28-AUG-14
10345,42,"merchandise",136.71,28-AUG-14
10346,17,"membership",978.516,01-AUG-13
10346,56,"other",810.2,01-AUG-13
10347,25,"membership",132.1,03-AUG-11
10347,39,"merchandise",3376.4,03-AUG-11
10347,40,"merchandise",68,03-AUG-11
10347,75,"other",53.475,03-AUG-11
10348,1,"membership",334.8225,04-FEB-14
10348,23,"membership",230.75,04-FEB-14
10349,54,"other",820.32,04-AUG-13
10350,50,"merchandise",272.085,08-SEP-11
10350,69,"other",36.234,08-SEP-11
10351,38,"merchandise",1575.84,08-AUG-11
10351,41,"merchandise",135.46,08-AUG-11
10351,44,"merchandise",5961.879,08-AUG-11
10351,65,"other",105.84,08-AUG-11
10352,24,"membership",47.3,09-SEP-14
10352,54,"other",871.7,09-SEP-14
10353,11,"membership",428.4,10-AUG-14
10353,38,"merchandise",4524,10-AUG-14
10354,1,"membership",259.8,11-FEB-14
10354,29,"merchandise",521.36,11-FEB-14
10355,24,"membership",116.5,12-JAN-14
10355,57,"other",442.5,12-JAN-14
10356,31,"merchandise",276.6,15-OCT-12
10356,55,"other",487.8,15-OCT-12
10356,69,"other",41,15-OCT-12
10357,10,"membership",234.36,16-MAR-11
10357,26,"merchandise",471.04,16-MAR-11
10357,60,"other",46.656,16-MAR-11
10358,24,"membership",44.52,17-JAN-14
10358,34,"merchandise",86.73,17-JAN-14
10358,36,"merchandise",159.81,17-JAN-14
10359,16,"membership",602.112,17-FEB-13
10359,31,"merchandise",639.45,17-FEB-13
10359,60,"other",458.64,17-FEB-13
10360,28,"merchandise",1262.1,18-OCT-13
10360,29,"merchandise",4751.6,18-OCT-13
10360,38,"merchandise",807.4,18-OCT-13
10360,49,"merchandise",640.15,18-OCT-13
10360,54,"other",1028.44,18-OCT-13
10361,39,"merchandise",3596.076,28-AUG-14
10361,60,"other",282.535,28-AUG-14
10362,25,"membership",752,22-AUG-11
10362,51,"other",2195.8,22-AUG-11
10362,54,"other",889.68,22-AUG-11
10363,31,"merchandise",186,22-NOV-13
10363,75,"other",96.72,22-NOV-13
10363,76,"other",5190.36,22-NOV-13
10364,69,"other",61.5,23-AUG-11
10364,71,"other",148.65,23-AUG-11
10365,11,"membership",707.52,24-AUG-11
10366,65,"other",45.6,25-AUG-11
10366,77,"other",63.55,25-AUG-11
10367,34,"merchandise",272.16,24-NOV-13
10367,54,"other",672.66,24-NOV-13
10367,65,"other",141.15,24-NOV-13
10367,77,"other",99.61,24-NOV-13
10368,21,"membership",57.915,26-AUG-11
10368,28,"merchandise",678.821,26-AUG-11
10368,57,"other",451.25,26-AUG-11
10368,64,"other",1245.09,26-AUG-11
10369,29,"merchandise",2355.6,28-AUG-11
10369,56,"other",886.95,28-AUG-11
10370,1,"membership",371.91,30-JAN-12
10370,64,"other",1020.6,30-JAN-12
10370,74,"other",750.72,30-JAN-12
10371,36,"merchandise",55.944,28-AUG-11
10372,20,"membership",1218.6,01-MAY-14
10372,38,"merchandise",3897,01-MAY-14
10372,60,"other",463.75,01-MAY-14
10372,72,"other",564.375,01-MAY-14
10373,58,"other",5094.72,02-SEP-14
10373,71,"other",1907.4,02-SEP-14
10374,31,"merchandise",273.3,02-MAR-11
10374,58,"other",773.55,02-MAR-11
10375,14,"membership",323.85,03-SEP-11
10375,54,"other",329.5,03-SEP-11
10376,31,"merchandise",341.334,05-APR-13
10377,28,"merchandise",947.14,06-SEP-11
10377,39,"merchandise",1374.94,06-SEP-11
10378,71,"other",169.14,06-SEP-13
10379,41,"merchandise",82.104,12-SEP-11
10379,63,"other",358.16,12-SEP-11
10379,65,"other",220,12-SEP-11
10380,30,"merchandise",505.098,14-SEP-14
10380,53,"other",1341.12,14-SEP-14
10380,60,"other",31.68,14-SEP-14
10380,70,"other",814.5,14-SEP-14
10381,74,"other",428.26,19-SEP-11
10382,5,"membership",179.84,20-SEP-11
10382,18,"membership",241.02,20-SEP-11
10382,29,"merchandise",1811.32,20-SEP-11
10382,33,"merchandise",1649.4,20-SEP-11
10382,74,"other",1360.5,20-SEP-11
10383,13,"membership",523.6,22-JAN-14
10383,50,"merchandise",231.45,22-JAN-14
10383,56,"other",826.4,22-JAN-14
10384,20,"membership",2422.28,27-SEP-11
10384,60,"other",79.8,27-SEP-11
10385,7,"membership",433.56,28-FEB-14
10385,60,"other",119.76,28-FEB-14
10385,68,"other",131.04,28-FEB-14
10386,24,"membership",61.65,30-DEC-13
10386,34,"merchandise",84.8,30-DEC-13
10387,24,"membership",72.75,14-OCT-13
10387,28,"merchandise",285.06,14-OCT-13
10387,59,"other",106.44,14-OCT-13
10387,71,"other",434.85,14-OCT-13
10388,45,"merchandise",156.6,16-MAY-12
10388,52,"other",1983.6,16-MAY-12
10388,53,"other",2511.6,16-MAY-12
10389,10,"membership",101.28,17-OCT-12
10389,55,"other",562.35,17-OCT-12
10389,62,"other",633.6,17-OCT-12
10389,70,"other",838.8,17-OCT-12
10390,31,"merchandise",595.98,20-MAR-12
10390,35,"merchandise",288.64,20-MAR-12
10390,46,"merchandise",487.35,20-MAR-12
10390,72,"other",288.816,20-MAR-12
10391,13,"membership",416.16,20-SEP-12
10392,69,"other",104.5,21-SEP-12
10393,2,"membership",599.0625,22-APR-12
10393,14,"membership",1146.075,22-APR-12
10393,25,"membership",126.175,22-APR-12
10393,26,"merchandise",2749.25,22-APR-12
10393,31,"merchandise",257.6,22-APR-12
10394,13,"membership",270.4,22-SEP-12
10394,62,"other",266.7,22-SEP-12
10395,46,"merchandise",357.896,23-SEP-12
10395,53,"other",5109.72,23-SEP-12
10395,69,"other",14.96,23-SEP-12
10396,23,"membership",344,24-APR-14
10396,71,"other",1780.2,24-APR-14
10396,72,"other",230.16,24-APR-14
10397,21,"membership",123.165,22-MAY-14
10397,51,"other",2089.044,22-MAY-14
10398,35,"merchandise",163.5,27-JUL-12
10398,55,"other",4935.48,27-JUL-12
10399,68,"other",794.4,27-DEC-12
10399,71,"other",829.8,27-DEC-12
10399,76,"other",13366.85,27-DEC-12
10399,77,"other",168.14,27-DEC-12
10400,29,"merchandise",2554.65,29-FEB-12
10400,35,"merchandise",203,29-FEB-12
10400,49,"merchandise",646.5,29-FEB-12
10401,30,"merchandise",469.26,09-SEP-12
10401,56,"other",2804.2,09-SEP-12
10401,65,"other",181.2,09-SEP-12
10401,71,"other",1823.4,09-SEP-12
10402,23,"membership",544.2,30-JAN-12
10402,63,"other",1231.1,30-JAN-12
10403,16,"membership",245.1225,30-JUN-12
10403,48,"merchandise",2562.315,30-JUN-12
10404,26,"merchandise",1068.795,21-JAN-12
10404,42,"merchandise",561.54,21-JAN-12
10404,49,"merchandise",624.33,21-JAN-12
10405,3,"membership",924,03-OCT-11
10406,1,"membership",197.6,03-JAN-13
10406,21,"membership",346.83,03-JAN-13
10406,28,"merchandise",2187.108,03-JAN-13
10406,36,"merchandise",43.34,03-JAN-13
10406,40,"merchandise",41.646,03-JAN-13
10407,11,"membership",765.6,04-OCT-11
10407,69,"other",31.65,04-OCT-11
10407,71,"other",484.95,04-OCT-11
10408,37,"merchandise",39.2,05-SEP-12
10408,54,"other",204.54,05-SEP-12
10408,62,"other",1088.85,05-SEP-12
10409,14,"membership",294.96,06-JAN-12
10409,21,"membership",131.52,06-JAN-12
10410,33,"merchandise",1272.04,07-OCT-11
10410,59,"other",149.12,07-OCT-11
10411,41,"merchandise",277.2,07-SEP-14
10411,44,"merchandise",3298.56,07-SEP-14
10411,59,"other",98.928,07-SEP-14
10412,14,"membership",560.78,10-MAR-12
10413,1,"membership",504.24,11-SEP-12
10413,62,"other",1214.8,11-SEP-12
10413,76,"other",5809.44,11-SEP-12
10414,19,"membership",166.32,11-OCT-11
10414,33,"merchandise",1290.5,11-OCT-11
10415,17,"membership",45.34,12-OCT-11
10415,33,"merchandise",516.8,12-OCT-11
10416,19,"membership",187.6,13-SEP-12
10416,53,"other",553.2,13-SEP-12
10416,57,"other",374.8,13-SEP-12
10417,38,"merchandise",3960.5,12-OCT-13
10417,46,"merchandise",31.55,12-OCT-13
10417,68,"other",565.2,12-OCT-13
10417,77,"other",465.5,12-OCT-13
10418,2,"membership",1164.6,14-OCT-12
10418,47,"merchandise",1410.75,14-OCT-12
10418,61,"other",388.8,14-OCT-12
10418,74,"other",463.65,14-OCT-12
10419,60,"other",289.17,17-OCT-12
10419,69,"other",39.27,17-OCT-12
10420,9,"membership",806.96,17-OCT-13
10420,13,"membership",59.136,17-OCT-13
10420,70,"other",276.056,17-OCT-13
10420,73,"other",23.76,17-OCT-13
10421,19,"membership",42.044,18-DEC-11
10421,26,"merchandise",955.8,18-DEC-11
10421,53,"other",964.275,18-DEC-11
10421,77,"other",138.345,18-DEC-11
10422,26,"merchandise",56.66,19-OCT-11
10423,31,"merchandise",107.66,20-MAR-12
10423,59,"other",178.4,20-MAR-12
10424,35,"merchandise",399.6,19-MAR-13
10424,38,"merchandise",5068.56,19-MAR-13
10424,68,"other",450.72,19-MAR-13
10425,55,"other",450.5,21-AUG-12
10425,76,"other",9035.75,21-AUG-12
10426,56,"other",181.45,23-NOV-13
10426,64,"other",233.24,23-NOV-13
10427,14,"membership",851.55,24-MAR-12
10428,46,"merchandise",241.4,24-NOV-13
10429,50,"merchandise",686,26-JAN-12
10429,63,"other",951.5625,26-JAN-12
10430,17,"membership",1217.16,26-DEC-12
10430,21,"membership",513,26-DEC-12
10430,56,"other",1087.5,26-DEC-12
10430,59,"other",719.04,26-DEC-12
10431,17,"membership",1585.625,27-NOV-11
10431,40,"merchandise",1118.75,27-NOV-11
10431,47,"merchandise",1012.125,27-NOV-11
10432,26,"merchandise",300.4,28-OCT-11
10432,54,"other",1364.8,28-OCT-11
10433,56,"other",1072.68,30-DEC-11
10434,11,"membership",156.78,30-JUL-12
10434,76,"other",8931.843,30-JUL-12
10435,2,"membership",200.5,01-DEC-11
10435,22,"membership",45,01-DEC-11
10435,72,"other",126,01-DEC-11
10436,46,"merchandise",64.25,01-DEC-12
10436,56,"other",1661.44,01-DEC-12
10436,64,"other",1199.22,01-DEC-12
10436,75,"other",189.552,01-DEC-12
10437,53,"other",872.55,01-DEC-12
10438,19,"membership",171.36,02-JUL-13
10438,34,"merchandise",179.52,02-JUL-13
10438,57,"other",365.4,02-JUL-13
10439,12,"membership",153.3,04-FEB-12
10439,16,"membership",159.68,04-FEB-12
10439,64,"other",210.12,04-FEB-12
10439,74,"other",985.5,04-FEB-12
10440,2,"membership",1046.385,07-DEC-11
10440,16,"membership",520.674,07-DEC-11
10440,29,"merchandise",3564.54,07-DEC-11
10440,61,"other",2685.825,07-DEC-11
10441,27,"merchandise",2212.5,07-DEC-11
10442,11,"membership",919.2,08-DEC-11
10442,54,"other",2913.6,08-DEC-11
10442,66,"other",1168.8,08-DEC-11
10443,11,"membership",192.312,09-DEC-11
10443,28,"merchandise",522.24,09-DEC-11
10444,17,"membership",270,09-JAN-12
10444,26,"merchandise",464.55,09-JAN-12
10444,35,"merchandise",45.6,09-JAN-12
10444,41,"merchandise",275.7,09-JAN-12
10445,39,"merchandise",351.42,10-OCT-12
10445,54,"other",529.8,10-OCT-12
10446,19,"membership",122.232,11-DEC-11
10446,24,"membership",92.62,11-DEC-11
10446,31,"merchandise",27.291,11-DEC-11
10446,52,"other",1266.54,11-DEC-11
10447,19,"membership",341.2,11-JUL-12
10447,65,"other",366.8,11-JUL-12
10447,71,"other",57.08,11-JUL-12
10448,26,"merchandise",195.18,14-DEC-11
10448,40,"merchandise",373,14-DEC-11
10449,10,"membership",97.86,15-NOV-11
10449,52,"other",1759.6,15-NOV-11
10449,62,"other",1044.4,15-NOV-11
10450,10,"membership",183.36,19-JUL-12
10450,54,"other",253.584,19-JUL-12
10451,55,"other",5283.96,16-SEP-12
10451,64,"other",1383.69,16-SEP-12
10451,65,"other",328.328,16-SEP-12
10451,77,"other",756.855,16-SEP-12
10452,28,"merchandise",736.35,17-JAN-12
10452,44,"merchandise",8495.55,17-JAN-12
10453,48,"merchandise",592.35,18-JAN-12
10453,70,"other",836.825,18-JAN-12
10454,16,"membership",213.12,18-JAN-12
10454,33,"merchandise",668.88,18-JAN-12
10454,46,"merchandise",143.64,18-JAN-12
10455,39,"merchandise",1297.8,21-JAN-12
10455,53,"other",3115.5,21-JAN-12
10455,61,"other",668.75,21-JAN-12
10455,71,"other",835.5,21-JAN-12
10456,21,"membership",422.74,22-JAN-12
10456,49,"merchandise",484.932,22-JAN-12
10457,59,"other",282.6,22-JAN-12
10458,26,"merchandise",846.3,23-JAN-14
10458,28,"merchandise",1445.7,23-JAN-14
10458,43,"merchandise",252.8,23-JAN-14
10458,56,"other",604.8,23-JAN-14
10458,71,"other",1502,23-JAN-14
10459,7,"membership",655.872,23-JAN-13
10459,46,"merchandise",251.58,23-JAN-13
10459,72,"other",512.4,23-JAN-13
10460,68,"other",310.5375,25-JAN-12
10460,75,"other",39.6,25-JAN-12
10461,21,"membership",493,25-AUG-12
10461,30,"merchandise",955.15,25-AUG-12
10461,55,"other",2643,25-AUG-12
10462,13,"membership",27.09,28-JAN-12
10462,23,"membership",178.5,28-JAN-12
10463,19,"membership",203.07,01-SEP-14
10463,42,"merchandise",743,01-SEP-14
10464,4,"membership",429.888,30-MAR-13
10464,43,"merchandise",33.54,30-MAR-13
10464,56,"other",1417.32,30-MAR-13
10464,60,"other",103.6,30-MAR-13
10465,24,"membership",110.25,02-MAR-12
10465,29,"merchandise",2646.864,02-MAR-12
10465,40,"merchandise",387,02-MAR-12
10465,45,"merchandise",339.57,02-MAR-12
10465,50,"merchandise",378.25,02-MAR-12
10466,11,"membership",257.3,03-DEC-11
10466,46,"merchandise",59.25,03-DEC-11
10467,24,"membership",128.8,03-DEC-11
10467,25,"membership",161.52,03-DEC-11
10468,30,"merchandise",188.4,04-APR-12
10468,43,"merchandise",173.85,04-APR-12
10469,2,"membership",807.76,07-DEC-11
10469,16,"membership",384.79,07-DEC-11
10469,44,"merchandise",156.814,07-DEC-11
10470,18,"membership",755.7,08-DEC-11
10470,23,"membership",133.65,08-DEC-11
10470,64,"other",291.12,08-DEC-11
10471,7,"membership",1192.2,08-DEC-11
10471,56,"other",796.4,08-DEC-11
10472,24,"membership",351.96,09-DEC-11
10472,51,"other",1632.42,09-DEC-11
10473,33,"merchandise",319.08,10-DEC-11
10473,71,"other",391.44,10-DEC-11
10474,14,"membership",295.8,09-FEB-13
10474,28,"merchandise",789.66,09-FEB-13
10474,40,"merchandise",374.22,09-FEB-13
10474,75,"other",76.3,09-FEB-13
10475,31,"merchandise",374.7275,11-SEP-12
10475,66,"other",1189.56,11-SEP-12
10475,76,"other",20042.0851,11-SEP-12
10476,55,"other",79.044,14-DEC-11
10476,70,"other",313.68,14-DEC-11
10477,1,"membership",316.65,14-FEB-14
10684,40,"merchandise",364.8,22-JUN-13
10684,47,"merchandise",1051.6,22-JUN-13
10684,60,"other",164.7,22-JUN-13
10685,10,"membership",150.6,25-AUG-13
10685,41,"merchandise",36.84,25-AUG-13
10685,47,"merchandise",375.3,25-AUG-13
10686,17,"membership",813.6,26-JUN-13
10686,26,"merchandise",443.25,26-JUN-13
10687,9,"membership",2573.125,26-JUN-13
10687,29,"merchandise",1321.2,26-JUN-13
10687,36,"merchandise",58.05,26-JUN-13
10688,10,"membership",140.184,27-JAN-13
10688,28,"merchandise",2856.48,27-JAN-13
10688,34,"merchandise",111.86,27-JAN-13
10689,1,"membership",804.125,27-JAN-13
10690,56,"other",1026.25,28-JUN-13
10690,77,"other",502.5,28-JUN-13
10691,1,"membership",639,29-MAR-13
10691,29,"merchandise",4824.8,29-MAR-13
10691,43,"merchandise",457.6,29-MAR-13
10691,44,"merchandise",1781.04,29-MAR-13
10691,62,"other",1326.24,29-MAR-13
10692,63,"other",385,29-JAN-13
10693,9,"membership",211.8,02-JUL-13
10693,54,"other",2555.76,02-JUL-13
10693,69,"other",74.865,02-JUL-13
10693,73,"other",20.355,02-JUL-13
10694,7,"membership",3359.7,02-JUL-13
10694,59,"other",202.5,02-JUL-13
10694,70,"other",1350.5,02-JUL-13
10695,8,"membership",182,03-MAR-13
10695,12,"membership",39.28,03-MAR-13
10695,24,"membership",98.4,03-MAR-13
10696,17,"membership",509.6,04-JUL-13
10696,46,"merchandise",216.36,04-JUL-13
10697,19,"membership",73.675,04-MAR-13
10697,35,"merchandise",67.6125,04-MAR-13
10697,58,"other",1641.75,04-MAR-13
10697,70,"other",1040.625,04-MAR-13
10698,11,"membership",392.55,05-JUL-13
10698,17,"membership",201.348,05-JUL-13
10698,29,"merchandise",1570.842,05-JUL-13
10698,65,"other",687.96,05-JUL-13
10698,70,"other",250.908,05-JUL-13
10699,47,"merchandise",286.56,05-JUL-13
10700,1,"membership",121.86,06-FEB-13
10700,34,"merchandise",125.856,06-FEB-13
10700,68,"other",649.44,06-FEB-13
10700,71,"other",2067.84,06-FEB-13
10701,59,"other",420.693,09-JUL-13
10701,71,"other",739.68,09-JUL-13
10701,76,"other",14456.1901,09-JUL-13
10702,3,"membership",120.96,09-SEP-13
10702,76,"other",6430.35,09-SEP-13
10703,2,"membership",92.8,10-JUL-13
10703,59,"other",310.8,10-JUL-13
10703,73,"other",38.15,10-JUL-13
10704,4,"membership",144.84,10-JUL-13
10704,24,"membership",160.3,10-JUL-13
10704,48,"merchandise",712.08,10-JUL-13
10705,31,"merchandise",183,11-FEB-13
10705,32,"merchandise",78.72,11-FEB-13
10706,16,"membership",179.2,12-FEB-13
10706,43,"merchandise",281.76,12-FEB-13
10706,59,"other",68.24,12-FEB-13
10707,55,"other",878.01,12-JUL-13
10707,57,"other",764.4,12-JUL-13
10707,70,"other",953.764,12-JUL-13
10708,5,"membership",21.64,13-AUG-13
10708,36,"merchandise",41.9,13-AUG-13
10709,8,"membership",813.2,13-JUL-13
10709,51,"other",2561.44,13-JUL-13
10709,60,"other",49.1,13-JUL-13
10710,19,"membership",42.25,16-JUL-13
10710,47,"merchandise",131.55,16-JUL-13
10711,19,"membership",105.24,17-JUL-13
10711,41,"merchandise",393.96,17-JUL-13
10711,53,"other",7548,17-JUL-13
10712,53,"other",185.535,17-JUL-13
10712,56,"other",1068.6,17-JUL-13
10713,10,"membership",116.28,18-JUL-13
10713,26,"merchandise",941.7,18-JUL-13
10713,45,"merchandise",1129.7,18-JUL-13
10713,46,"merchandise",273.84,18-JUL-13
10714,2,"membership",653.25,18-JUL-13
10714,17,"membership",816.4125,18-JUL-13
10714,47,"merchandise",1746.875,18-JUL-13
10714,56,"other",775.8,18-JUL-13
10714,58,"other",651.9,18-JUL-13
10715,10,"membership",137.76,19-JUL-13
10715,71,"other",953.7,19-JUL-13
10716,21,"membership",48.7,20-JAN-13
10716,51,"other",730.52,20-JAN-13
10716,61,"other",255.7,20-JAN-13
10717,21,"membership",339.696,20-AUG-13
10717,54,"other",523.65,20-AUG-13
10717,69,"other",50.1375,20-AUG-13
10718,12,"membership",363.96,23-JAN-13
10718,16,"membership",181.4,23-JAN-13
10718,36,"merchandise",314,23-JAN-13
10718,62,"other",603.2,23-JAN-13
10719,18,"membership",408.45,23-JUL-13
10719,30,"merchandise",100.65,23-JUL-13
10719,54,"other",1712.5,23-JUL-13
10720,35,"merchandise",138.18,24-FEB-13
10720,71,"other",238.24,24-FEB-13
10721,44,"merchandise",3967.425,25-JUL-13
10722,2,"membership",58.41,25-FEB-13
10722,31,"merchandise",392.5,25-FEB-13
10722,68,"other",527.85,25-FEB-13
10722,75,"other",309.12,25-FEB-13
10723,26,"merchandise",480.75,26-JUL-13
10724,10,"membership",123.04,26-JUL-13
10724,61,"other",134.1,26-JUL-13
10725,41,"merchandise",123.36,27-JUL-13
10725,52,"other",290.84,27-JUL-13
10725,55,"other",249.6,27-JUL-13
10726,4,"membership",565.5,30-JUL-13
10726,11,"membership",146.95,30-JUL-13
10727,17,"membership",577.08,30-JUL-13
10727,56,"other",435.435,30-JUL-13
10727,59,"other",86.625,30-JUL-13
10728,30,"merchandise",356.25,30-JUL-13
10728,40,"merchandise",106.92,30-JUL-13
10728,55,"other",450.84,30-JUL-13
10728,60,"other",79.95,30-JUL-13
10729,1,"membership",1026,30-JAN-13
10729,21,"membership",284.7,30-JAN-13
10729,50,"merchandise",660.4,30-JAN-13
10730,16,"membership",137.8125,01-MAR-13
10730,31,"merchandise",27.468,01-MAR-13
10730,65,"other",95.13,01-MAR-13
10731,21,"membership",412.02,02-MAR-13
10731,51,"other",2959.74,02-MAR-13
10732,76,"other",8250,02-AUG-13
10733,14,"membership",348.32,04-NOV-12
10733,28,"merchandise",998.8,04-NOV-12
10733,52,"other",2147.5,04-NOV-12
10734,6,"membership",120.9,03-AUG-13
10734,30,"merchandise",351.3,03-AUG-13
10734,76,"other",8252.4,03-AUG-13
10735,61,"other",570.46,06-AUG-13
10735,77,"other",27.61,06-AUG-13
10736,65,"other",374,07-AUG-13
10736,75,"other",151,07-AUG-13
10737,13,"membership",102.24,07-AUG-13
10737,41,"merchandise",121.44,07-AUG-13
10738,16,"membership",25.98,08-MAR-13
10739,36,"merchandise",44.76,08-AUG-13
10739,52,"other",1431.72,08-AUG-13
10740,28,"merchandise",252.66,09-MAR-13
10740,35,"merchandise",252,09-MAR-13
10740,45,"merchandise",447.84,09-MAR-13
10740,56,"other",665.952,09-MAR-13
10741,2,"membership",324.54,10-AUG-13
10742,3,"membership",394,10-JAN-13
10742,60,"other",267.5,10-JAN-13
10742,72,"other",393.75,10-JAN-13
10743,46,"merchandise",383.082,13-AUG-13
10744,40,"merchandise",1187.4,13-AUG-13
10745,18,"membership",659.04,14-MAR-13
10745,44,"merchandise",1146.08,14-MAR-13
10745,59,"other",391.05,14-MAR-13
10745,72,"other",85.12,14-MAR-13
10746,13,"membership",144.48,15-AUG-13
10746,42,"merchandise",416.36,15-AUG-13
10746,62,"other",256.32,15-AUG-13
10746,69,"other",82.8,15-AUG-13
10747,31,"merchandise",65.92,15-FEB-13
10747,41,"merchandise",316.75,15-FEB-13
10747,63,"other",184.5,15-FEB-13
10747,69,"other",63.9,15-FEB-13
10748,23,"membership",419.76,16-AUG-13
10748,40,"merchandise",720.4,16-AUG-13
10748,56,"other",1034.88,16-AUG-13
10749,56,"other",612.15,16-AUG-13
10749,59,"other",52.8,16-AUG-13
10749,76,"other",4192.3,16-AUG-13
10750,14,"membership",125.1775,17-JAN-13
10750,45,"merchandise",405.72,17-JAN-13
10750,59,"other",260.1875,17-JAN-13
10751,26,"merchandise",402.204,20-MAR-13
10751,30,"merchandise",708.3,20-MAR-13
10751,50,"merchandise",330.44,20-MAR-13
10751,73,"other",15.6,20-MAR-13
10752,1,"membership",144.16,20-FEB-13
10752,69,"other",6.57,20-FEB-13
10753,45,"merchandise",35.88,21-AUG-13
10753,74,"other",163.8,21-AUG-13
10754,40,"merchandise",51.63,21-AUG-13
10755,47,"merchandise",1044.75,22-AUG-13
10755,56,"other",1558.5,22-AUG-13
10755,57,"other",359.1,22-AUG-13
10755,69,"other",62.1875,22-AUG-13
10756,18,"membership",643.608,23-JAN-13
10756,36,"merchandise",177.84,23-JAN-13
10756,68,"other",83.52,23-JAN-13
10756,69,"other",51.6,23-JAN-13
10757,34,"merchandise",232.5,23-JAN-13
10757,59,"other",54.74,23-JAN-13
10757,62,"other",838.8,23-JAN-13
10757,64,"other",848.4,23-JAN-13
10758,26,"merchandise",577.4,25-OCT-12
10758,52,"other",4579.2,25-OCT-12
10758,70,"other",1230,25-OCT-12
10759,32,"merchandise",198.5,24-AUG-13
10760,25,"membership",192,27-MAR-13
10760,27,"merchandise",1592,27-MAR-13
10760,43,"merchandise",464.25,27-MAR-13
10761,25,"membership",622.5625,28-AUG-13
10761,75,"other",136.98,28-AUG-13
10762,39,"merchandise",875.2,28-AUG-13
10762,47,"merchandise",703.5,28-AUG-13
10762,51,"other",2742.6,28-AUG-13
10762,56,"other",2187.6,28-AUG-13
10763,21,"membership",423.6,29-JAN-13
10763,22,"membership",21.96,29-JAN-13
10763,24,"membership",87.4,29-JAN-13
10764,3,"membership",440,28-AUG-13
10764,39,"merchandise",7797.79,28-AUG-13
10765,65,"other",842.16,28-AUG-13
10766,2,"membership",788,01-APR-13
10766,7,"membership",1318.8,01-APR-13
10766,68,"other",464.4,01-APR-13
10767,42,"merchandise",26.7,01-SEP-13
10768,22,"membership",13.68,04-JAN-13
10768,31,"merchandise",423,04-JAN-13
10768,60,"other",68.85,04-JAN-13
10768,71,"other",381.12,04-JAN-13
10769,41,"merchandise",283.185,04-SEP-13
10769,52,"other",1284.4125,04-SEP-13
10769,61,"other",542.2,04-SEP-13
10769,62,"other",462.45,04-SEP-13
10770,11,"membership",476.25,05-SEP-13
10771,71,"other",486.88,06-SEP-13
10772,29,"merchandise",2206.44,06-SEP-13
10772,59,"other",208.5,06-SEP-13
10773,17,"membership",856.02,07-FEB-13
10773,31,"merchandise",761.88,07-FEB-13
10773,75,"other",61.824,07-FEB-13
10774,31,"merchandise",19.7,07-FEB-13
10774,66,"other",923,07-FEB-13
10775,10,"membership",38.82,08-SEP-13
10775,67,"other",171.03,08-SEP-13
10776,31,"merchandise",133.56,11-SEP-13
10776,42,"merchandise",186.732,11-SEP-13
10776,45,"merchandise",258.2685,11-SEP-13
10776,51,"other",11665.08,11-SEP-13
10777,42,"merchandise",360.96,11-SEP-13
10778,41,"merchandise",90.6,12-SEP-13
10779,16,"membership",192,12-FEB-13
10779,62,"other",604.6,12-FEB-13
10780,70,"other",1005.9,12-SEP-13
10780,77,"other",186.45,12-SEP-13
10781,54,"other",136.188,13-SEP-13
10781,56,"other",977.04,13-SEP-13
10781,74,"other",1043.7,13-SEP-13
10782,31,"merchandise",8.19,13-MAR-13
10783,31,"merchandise",81.6,14-MAR-13
10783,38,"merchandise",372.25,14-MAR-13
10784,36,"merchandise",238.2,14-APR-13
10784,39,"merchandise",141.036,14-APR-13
10784,72,"other",387.435,14-APR-13
10785,10,"membership",64.2,14-SEP-13
10785,75,"other",80.4,14-SEP-13
10786,8,"membership",662.4,15-SEP-13
10786,30,"merchandise",503.46,15-SEP-13
10786,75,"other",352.8,15-SEP-13
10787,2,"membership",301.2975,15-SEP-13
10787,29,"merchandise",2642.01,15-SEP-13
10788,19,"membership",499.275,18-SEP-13
10788,75,"other",351.54,18-SEP-13
10789,18,"membership",696,18-MAR-13
10789,35,"merchandise",87.9,18-MAR-13
10789,63,"other",572.1,18-MAR-13
10789,68,"other",224.82,18-MAR-13
10790,7,"membership",134.205,18-SEP-13
10790,56,"other",838.12,18-SEP-13
10791,29,"merchandise",1692.558,19-SEP-13
10791,41,"merchandise",202.23,19-SEP-13
10792,2,"membership",191.7,19-APR-13
10792,54,"other",113.7,19-APR-13
10792,68,"other",189.9,19-APR-13
10793,41,"merchandise",125.86,20-SEP-13
10793,52,"other",675.92,20-SEP-13
10794,14,"membership",432,20-AUG-13
10794,54,"other",239.4,20-AUG-13
10795,16,"membership",668.2,20-MAR-13
10795,17,"membership",1029.875,20-MAR-13
10796,26,"merchandise",710.388,22-MAR-14
10796,44,"merchandise",713.9,22-MAR-14
10796,64,"other",1524.18,22-MAR-14
10796,69,"other",60.768,22-MAR-14
10797,11,"membership",584.2,22-SEP-14
10798,62,"other",56.52,23-FEB-14
10798,72,"other",118,23-FEB-14
10799,13,"membership",532.91,23-MAR-14
10799,24,"membership",105.11,23-MAR-14
10799,59,"other",227.25,23-MAR-14
10800,11,"membership",1600.5,23-SEP-14
10800,51,"other",1104.18,23-SEP-14
10800,54,"other",249.095,23-SEP-14
10801,17,"membership",1247,26-SEP-14
10801,29,"merchandise",3298.5,26-SEP-14
10802,30,"merchandise",812.1875,26-JUN-14
10802,51,"other",4031.625,26-JUN-14
10802,55,"other",2872.5,26-JUN-14
10802,62,"other",175.3125,26-JUN-14
10803,19,"membership",233.856,27-SEP-14
10803,25,"membership",223.1775,27-SEP-14
10803,59,"other",130.095,27-SEP-14
10804,10,"membership",255.6,26-OCT-13
10804,28,"merchandise",1090.32,26-OCT-13
10804,49,"merchandise",86.71,26-OCT-13
10805,34,"merchandise",77,27-DEC-13
10805,38,"merchandise",848.9,27-DEC-13
10806,2,"membership",476.5,28-SEP-14
10806,65,"other",18.94,28-SEP-14
10806,74,"other",540.5625,28-SEP-14
10807,40,"merchandise",20.11,28-MAR-14
10808,56,"other",894.24,29-SEP-14
10808,76,"other",21077.2001,29-SEP-14
10809,52,"other",1454.8,29-SEP-14
10810,13,"membership",173.32,29-SEP-14
10810,25,"membership",67.15,29-SEP-14
10810,70,"other",132.45,29-SEP-14
10811,19,"membership",141.9,30-MAR-14
10811,23,"membership",178.2,30-MAR-14
10811,40,"merchandise",523.8,30-MAR-14
10812,31,"merchandise",155.76,30-JAN-14
10812,72,"other",551.32,30-JAN-14
10812,77,"other",275.2,30-JAN-14
10813,2,"membership",251.28,02-SEP-14
10813,46,"merchandise",419.65,02-SEP-14
10814,41,"merchandise",177.6,01-OCT-13
10814,43,"merchandise",283.36,01-OCT-13
10814,48,"merchandise",304.52,01-OCT-13
10814,61,"other",936.675,01-OCT-13
10815,33,"merchandise",447.36,01-OCT-13
10816,38,"merchandise",2774.205,03-APR-14
10816,62,"other",622.44,03-APR-14
10817,26,"merchandise",1378.16,03-APR-14
10817,38,"merchandise",2451.9,03-APR-14
10817,40,"merchandise",1247.52,03-APR-14
10817,62,"other",777.6875,03-APR-14
10818,32,"merchandise",410.4,04-APR-14
10818,41,"merchandise",206,04-APR-14
10819,43,"merchandise",79.59,04-MAR-14
10819,75,"other",145.6,04-MAR-14
10820,56,"other",1200.6,04-APR-14
10821,35,"merchandise",117,05-FEB-14
10821,51,"other",630.9,05-FEB-14
10822,62,"other",88.29,05-APR-14
10822,70,"other",180.78,05-APR-14
10823,11,"membership",666.82,05-OCT-13
10823,57,"other",312.3,05-OCT-13
10823,59,"other",392.04,05-OCT-13
10823,77,"other",216.315,05-OCT-13
10824,41,"merchandise",104.4,05-OCT-13
10824,70,"other",278.91,05-OCT-13
10825,26,"merchandise",342.6,06-APR-14
10825,53,"other",1328.8,06-APR-14
10826,31,"merchandise",310.1,09-SEP-14
10826,57,"other",280.95,09-SEP-14
10827,10,"membership",99.3,09-JAN-14
10827,39,"merchandise",1141.98,09-JAN-14
10828,20,"membership",409.35,09-OCT-13
10828,38,"merchandise",150.96,09-OCT-13
10829,2,"membership",201.1,09-OCT-13
10829,8,"membership",395.4,09-OCT-13
10829,13,"membership",264.3,09-OCT-13
10829,60,"other",112.98,09-OCT-13
10830,6,"membership",23.82,10-FEB-14
10830,39,"merchandise",1522.36,10-FEB-14
10830,60,"other",159.3,10-FEB-14
10830,68,"other",316.08,10-FEB-14
10831,19,"membership",20.18,11-APR-14
10831,35,"merchandise",45.12,11-APR-14
10831,38,"merchandise",686.8,11-APR-14
10831,43,"merchandise",113.94,11-APR-14
10832,13,"membership",92.16,10-OCT-13
10832,25,"membership",165.6,10-OCT-13
10832,44,"merchandise",1308.288,10-OCT-13
10832,64,"other",99.18,10-OCT-13
10833,7,"membership",892.76,12-FEB-14
10833,31,"merchandise",87.417,12-FEB-14
10833,53,"other",600.633,12-FEB-14
10834,29,"merchandise",1124.088,12-APR-14
10834,30,"merchandise",511.77,12-APR-14
10835,59,"other",120.6,11-OCT-13
10835,77,"other",29.52,11-OCT-13
10836,22,"membership",184.08,13-APR-14
10836,35,"merchandise",38.28,13-APR-14
10836,57,"other",462.48,13-APR-14
10836,60,"other",279.6,13-APR-14
10836,64,"other",948.9,13-APR-14
10837,13,"membership",148.08,12-OCT-13
10837,40,"merchandise",450.25,12-OCT-13
10837,47,"merchandise",1356,12-OCT-13
10837,76,"other",10140.9,12-OCT-13
10838,1,"membership",102.6,16-FEB-14
10838,18,"membership",875,16-FEB-14
10838,36,"merchandise",476.875,16-FEB-14
10839,58,"other",1593.57,16-FEB-14
10839,72,"other",203.94,16-FEB-14
10840,25,"membership",110.808,16-MAR-14
10840,39,"merchandise",650.52,16-MAR-14
10841,10,"membership",101.28,16-OCT-13
10841,56,"other",1245.9,16-OCT-13
10841,59,"other",431.5,16-OCT-13
10841,77,"other",201,16-OCT-13
10842,11,"membership",381.45,17-APR-14
10842,43,"merchandise",55.45,17-APR-14
10842,68,"other",265.4,17-APR-14
10842,70,"other",321.84,17-APR-14
10843,51,"other",473.6,17-OCT-13
10844,22,"membership",125.65,18-JAN-14
10845,23,"membership",721.49,18-APR-14
10845,35,"merchandise",178.475,18-APR-14
10845,42,"merchandise",621.39,18-APR-14
10845,58,"other",3315.84,18-APR-14
10845,64,"other",1654.08,18-APR-14
10846,4,"membership",474.18,18-OCT-13
10846,70,"other",922.5,18-OCT-13
10846,74,"other",621.8,18-OCT-13
10847,1,"membership",1746.24,19-MAR-14
10847,19,"membership",140.832,19-MAR-14
10847,37,"merchandise",285.12,19-MAR-14
10847,45,"merchandise",378,19-MAR-14
10847,60,"other",279.18,19-MAR-14
10847,71,"other",1937.1,19-MAR-14
10848,5,"membership",184.8,20-AUG-14
10848,9,"membership",120.96,20-AUG-14
10849,3,"membership",967.75,19-OCT-13
10849,26,"merchandise",693.45,19-OCT-13
10850,25,"membership",318.32,19-OCT-13
10850,33,"merchandise",121.164,19-OCT-13
10850,70,"other",927.705,19-OCT-13
10851,2,"membership",92.925,23-JUN-14
10851,25,"membership",138.285,23-JUN-14
10851,57,"other",200.445,23-JUN-14
10851,59,"other",390.285,23-JUN-14
10852,2,"membership",293.55,22-OCT-13
10852,17,"membership",139.44,22-OCT-13
10852,62,"other",1572,22-OCT-13
10853,18,"membership",255.2,23-OCT-13
10854,10,"membership",724.5,23-OCT-13
10854,13,"membership",2046.655,23-OCT-13
10855,16,"membership",459,24-MAR-14
10855,31,"merchandise",119.28,24-MAR-14
10855,56,"other",910.8,24-MAR-14
10855,65,"other",164.22,24-MAR-14
10856,2,"membership",390.8,24-OCT-13
10856,42,"merchandise",268,24-OCT-13
10857,3,"membership",587.7,25-APR-14
10857,26,"merchandise",1294.125,25-APR-14
10857,29,"merchandise",1521.25,25-APR-14
10858,7,"membership",214.3,25-OCT-13
10858,27,"merchandise",433.5,25-OCT-13
10858,70,"other",122.24,25-OCT-13
10859,24,"membership",225.5,25-NOV-13
10859,54,"other",1568.875,25-NOV-13
10859,64,"other",1312.5,25-NOV-13
10860,51,"other",325.41,25-OCT-13
10860,76,"other",7288.8,25-OCT-13
10861,17,"membership",1066.38,27-FEB-14
10861,18,"membership",476.6,27-FEB-14
10861,21,"membership",367.6,27-FEB-14
10861,33,"merchandise",920.85,27-FEB-14
10861,62,"other",88.05,27-FEB-14
10862,11,"membership",683.5,26-OCT-13
10862,52,"other",683.52,26-OCT-13
10863,1,"membership",476.1,30-APR-14
10863,58,"other",617.274,30-APR-14
10864,35,"merchandise",25.28,30-MAR-14
10864,67,"other",972.15,30-MAR-14
10865,38,"merchandise",5111.82,30-MAR-14
10865,39,"merchandise",5286.96,30-MAR-14
10866,2,"membership",463.3125,30-DEC-13
10866,24,"membership",35.175,30-DEC-13
10866,30,"merchandise",1204.5,30-DEC-13
10867,53,"other",197.97,30-APR-14
10868,26,"merchandise",666.4,01-DEC-13
10868,35,"merchandise",187.2,01-DEC-13
10868,49,"merchandise",899.514,01-DEC-13
10869,1,"membership",860,01-MAY-14
10869,11,"membership",299.5,01-MAY-14
10869,23,"membership",419,01-MAY-14
10869,68,"other",273.6,01-MAY-14
10870,35,"merchandise",19.26,01-JAN-14
10870,51,"other",215.24,01-JAN-14
10871,6,"membership",197.4,02-MAR-14
10871,16,"membership",121.338,02-MAR-14
10871,17,"membership",404.208,02-MAR-14
10872,55,"other",441.315,02-SEP-14
10872,62,"other",649.53,02-SEP-14
10872,64,"other",512.9775,02-SEP-14
10872,65,"other",229.761,02-SEP-14
10873,21,"membership",205.4,03-MAR-14
10873,28,"merchandise",134.64,03-MAR-14
10874,10,"membership",66,02-NOV-13
10875,19,"membership",213.75,03-MAR-14
10875,47,"merchandise",564.102,03-MAR-14
10875,49,"merchandise",324.3,03-MAR-14
10876,46,"merchandise",256.83,06-MAY-14
10876,64,"other",717.2,06-MAY-14
10877,16,"membership",375.375,06-APR-14
10877,18,"membership",644.5,06-APR-14
10878,20,"membership",1718.22,07-MAY-14
10879,40,"merchandise",210.36,06-NOV-13
10879,65,"other",109,06-NOV-13
10879,76,"other",4305.3,06-NOV-13
10880,23,"membership",299.16,06-NOV-13
10880,61,"other",973.08,06-NOV-13
10880,70,"other",1750.2,06-NOV-13
10881,73,"other",11.9,08-MAY-14
10882,42,"merchandise",315.75,08-JAN-14
10882,49,"merchandise",458.85,08-JAN-14
10882,54,"other",1303.456,08-JAN-14
10883,24,"membership",34.8,09-MAY-14
10884,21,"membership",415.8,09-APR-14
10884,56,"other",908.019,09-APR-14
10884,65,"other",115.038,09-APR-14
10885,2,"membership",389,09-MAY-14
10885,24,"membership",54.72,09-MAY-14
10885,70,"other",883.2,09-MAY-14
10885,77,"other",342.25,09-MAY-14
10886,10,"membership",471.8,10-JAN-14
10886,31,"merchandise",317.45,10-JAN-14
10886,77,"other",543.2,10-JAN-14
10887,25,"membership",65.6,10-MAY-14
10888,2,"membership",409.2,13-DEC-13
10888,68,"other",208.08,13-DEC-13
10889,11,"membership",1041.6,13-MAY-14
10889,38,"merchandise",3511.6,13-MAY-14
10890,17,"membership",347.55,13-JAN-14
10890,34,"merchandise",80.3,13-JAN-14
10890,41,"merchandise",127.68,13-JAN-14
10891,30,"merchandise",428.2425,14-MAY-14
10892,59,"other",350.28,13-NOV-13
10893,8,"membership",603.3,14-NOV-13
10893,24,"membership",47,14-NOV-13
10893,29,"merchandise",3030.72,14-NOV-13
10893,30,"merchandise",959,14-NOV-13
10893,36,"merchandise",147.8,14-NOV-13
10894,13,"membership",682.962,15-MAY-14
10894,69,"other",113.4,15-MAY-14
10894,75,"other",1064.7,15-MAY-14
10895,24,"membership",504.9,15-JAN-14
10895,39,"merchandise",2893.5,15-JAN-14
10895,40,"merchandise",1752.66,15-JAN-14
10895,60,"other",502,15-JAN-14
10896,45,"merchandise",140.85,16-DEC-13
10896,56,"other",578.72,16-DEC-13
10897,29,"merchandise",10652,16-MAY-14
10897,30,"merchandise",945.72,16-MAY-14
10898,13,"membership",116.45,16-NOV-13
10899,39,"merchandise",591.284,17-MAY-14
10900,70,"other",115.35,16-NOV-13
10901,41,"merchandise",267.6,20-MAY-14
10901,71,"other",920.1,20-MAY-14
10902,55,"other",1464.18,19-NOV-13
10902,62,"other",193.2,19-NOV-13
10903,13,"membership",1029.6,21-MAY-14
10903,65,"other",223.02,21-MAY-14
10903,68,"other",255.4,21-MAY-14
10904,58,"other",670.35,20-NOV-13
10904,62,"other",934.5,20-NOV-13
10905,1,"membership",411.6,21-FEB-14
10906,61,"other",363.3,22-MAY-14
10907,75,"other",107.52,21-NOV-13
10908,7,"membership",847.98,23-MAY-14
10908,52,"other",1150.569,23-MAY-14
10909,7,"membership",485.64,23-FEB-14
10909,16,"membership",148.2,23-FEB-14
10909,41,"merchandise",50.45,23-FEB-14
10910,19,"membership",100.92,23-MAY-14
10910,49,"merchandise",202.7,23-MAY-14
10910,61,"other",139.15,23-MAY-14
10911,1,"membership",219.3,23-FEB-14
10911,17,"membership",298.32,23-FEB-14
10911,67,"other",935.85,23-FEB-14
10912,11,"membership",1275,23-MAY-14
10912,29,"merchandise",9170.25,23-MAY-14
10913,4,"membership",887.25,22-NOV-13
10913,33,"merchandise",1163.5,22-NOV-13
10913,58,"other",774.45,22-NOV-13
10914,71,"other",750.75,24-MAY-14
10915,17,"membership",274.5,23-NOV-13
10915,33,"merchandise",788.1,23-NOV-13
10915,54,"other",370.8,23-NOV-13
10916,16,"membership",60.66,24-JAN-14
10916,32,"merchandise",123.54,24-JAN-14
10916,57,"other",381.6,24-JAN-14
10917,30,"merchandise",26.2,26-NOV-13
10917,60,"other",46.9,26-NOV-13
10918,1,"membership",1458.75,03-MAY-14
10918,60,"other",156.5625,03-MAY-14
10919,16,"membership",242.16,26-NOV-13
10919,25,"membership",305.52,26-NOV-13
10919,40,"merchandise",400,26-NOV-13
10920,50,"merchandise",356.88,28-MAY-14
10921,35,"merchandise",55.9,28-JAN-14
10921,63,"other",854.4,28-JAN-14
10922,17,"membership",345.3,28-MAY-14
10922,24,"membership",166.25,28-MAY-14
10923,42,"merchandise",158.4,28-APR-14
10923,43,"merchandise",154.08,28-APR-14
10923,67,"other",1842.336,28-APR-14
10924,10,"membership",151.58,01-DEC-13
10924,28,"merchandise",1544.4,01-DEC-13
10924,75,"other",44.64,01-DEC-13
10925,36,"merchandise",228.85,01-DEC-13
10925,52,"other",1171.758,01-DEC-13
10926,11,"membership",54.98,01-MAY-14
10926,13,"membership",235,01-MAY-14
10926,19,"membership",60.48,01-MAY-14
10926,72,"other",121,01-MAY-14
10927,20,"membership",410.7,02-JUN-14
10927,52,"other",371.65,02-JUN-14
10927,76,"other",7285,02-JUN-14
10928,47,"merchandise",127.5,02-DEC-13
10928,76,"other",1818.2,02-DEC-13
10929,21,"membership",556.2,02-FEB-14
10929,75,"other",373.87,02-FEB-14
10929,77,"other",198.15,02-FEB-14
10930,21,"membership",386.28,03-SEP-14
10930,27,"merchandise",1039.5,03-SEP-14
10930,55,"other",1192.8,03-SEP-14
10930,58,"other",1722.6,03-SEP-14
10931,13,"membership",1305.549,03-DEC-13
10931,57,"other",577.5,03-DEC-13
10932,16,"membership",313.17,03-FEB-14
10932,62,"other",416.416,03-FEB-14
10932,72,"other",182.88,03-FEB-14
10932,75,"other",172.04,03-FEB-14
10933,53,"other",110.38,03-DEC-13
10933,61,"other",764.7,03-DEC-13
10934,6,"membership",74,06-AUG-14
10935,1,"membership",444.15,06-FEB-14
10935,18,"membership",123.45,06-FEB-14
10935,23,"membership",91.2,06-FEB-14
10936,36,"merchandise",313.92,06-DEC-13
10937,28,"merchandise",397.28,07-FEB-14
10937,34,"merchandise",154.2,07-FEB-14
10938,13,"membership",565.75,07-MAY-14
10938,43,"merchandise",380.1,07-MAY-14
10938,60,"other",322.175,07-MAY-14
10938,71,"other",1411.8125,07-MAY-14
10939,2,"membership",206.54,07-DEC-13
10939,67,"other",2723.66,07-DEC-13
10940,7,"membership",308.56,08-JUN-14
10940,13,"membership",465.6,08-JUN-14
10941,31,"merchandise",441.1,08-MAY-14
10941,62,"other",1023,08-MAY-14
10941,68,"other",1282,08-MAY-14
10941,72,"other",626.5,08-MAY-14
10942,49,"merchandise",551.88,08-MAR-14
10943,13,"membership",364.2,08-DEC-13
10943,22,"membership",73.29,08-DEC-13
10943,46,"merchandise",185.85,08-DEC-13
10944,11,"membership",161.875,09-DEC-13
10944,44,"merchandise",1636.425,09-DEC-13
10944,56,"other",727.2,09-DEC-13
10945,13,"membership",543.4,09-APR-14
10945,31,"merchandise",79,09-APR-14
10946,10,"membership",167.5,09-JUN-14
10946,24,"membership",115.75,09-JUN-14
10946,77,"other",547.6,09-JUN-14
10947,59,"other",33.12,10-JUN-14
10948,50,"merchandise",144.45,10-DEC-13
10948,51,"other",4030.4,10-DEC-13
10948,55,"other",154.92,10-DEC-13
10949,6,"membership",48.6,10-SEP-14
10949,10,"membership",194.4,10-SEP-14
10949,17,"membership",164.16,10-SEP-14
10949,62,"other",1655.4,10-SEP-14
10950,4,"membership",114.3,13-SEP-14
10951,33,"merchandise",373.59,13-DEC-13
10951,41,"merchandise",60.102,13-DEC-13
10951,75,"other",379.575,13-DEC-13
10952,6,"membership",65.016,13-DEC-13
10952,28,"merchandise",89.1,13-DEC-13
10953,20,"membership",4404.75,13-DEC-13
10953,31,"merchandise",414.225,13-DEC-13
10954,16,"membership",314.916,14-MAR-14
10954,31,"merchandise",242.075,14-MAR-14
10954,45,"merchandise",262.8,14-MAR-14
10954,60,"other",151.248,14-MAR-14
10955,75,"other",113.184,14-DEC-13
10956,21,"membership",120.12,14-JAN-14
10956,47,"merchandise",322.56,14-JAN-14
10956,51,"other",785.44,14-JAN-14
10957,30,"merchandise",838.2,15-FEB-14
10957,35,"merchandise",237.6,15-FEB-14
10957,64,"other",279.12,15-FEB-14
10958,5,"membership",123.4,15-MAR-14
10958,7,"membership",229.02,15-MAR-14
10958,72,"other",58.25,15-MAR-14
10959,75,"other",166.52,15-DEC-13
10960,24,"membership",58,16-JUN-14
10960,41,"merchandise",229.92,16-JUN-14
10961,52,"other",467.271,16-DEC-13
10961,76,"other",23334.6,16-DEC-13
10962,7,"membership",1769.85,16-JUN-14
10962,13,"membership",1826.44,16-JUN-14
10962,53,"other",1155.4,16-JUN-14
10962,69,"other",17.46,16-JUN-14
10962,76,"other",16628.48,16-JUN-14
10963,60,"other",10.994,16-DEC-13
10964,18,"membership",152.4,17-SEP-14
10964,38,"merchandise",436.4,17-SEP-14
10964,69,"other",20.4,17-SEP-14
10965,51,"other",1553.12,17-JUN-14
10966,37,"merchandise",33.36,17-DEC-13
10966,56,"other",539.856,17-DEC-13
10966,62,"other",395.232,17-DEC-13
10967,19,"membership",111.72,20-JUN-14
10967,49,"merchandise",746.8,20-JUN-14
10968,12,"membership",288.9,20-JAN-14
10968,24,"membership",128.1,20-JAN-14
10968,64,"other",121.36,20-JAN-14
10969,46,"merchandise",117.63,20-JUN-14
10970,52,"other",3659.04,21-DEC-13
10971,29,"merchandise",1892.24,21-JUN-14
10972,17,"membership",151.56,21-DEC-13
10972,33,"merchandise",177.31,21-DEC-13
10973,26,"merchandise",154.2,21-DEC-13
10973,41,"merchandise",52.26,21-DEC-13
10973,75,"other",82.1,21-DEC-13
10974,63,"other",207.4,22-DEC-13
10975,8,"membership",316.48,22-JUL-14
10975,75,"other",83.8,22-JUL-14
10976,28,"merchandise",846.8,22-DEC-13
10977,39,"merchandise",1816.2,23-DEC-13
10977,47,"merchandise",809.7,23-DEC-13
10977,51,"other",1047.5,23-DEC-13
10977,63,"other",433.6,23-DEC-13
10978,8,"membership",458.16,23-JUL-14
10978,21,"membership",460.92,23-JUL-14
10978,40,"merchandise",182.9,23-JUL-14
10978,44,"merchandise",496.593,23-JUL-14
10979,7,"membership",750.24,23-FEB-14
10979,12,"membership",209,23-FEB-14
10979,24,"membership",329.6,23-FEB-14
10979,27,"merchandise",1213.5,23-FEB-14
10979,31,"merchandise",207.6,23-FEB-14
10979,63,"other",697.2,23-FEB-14
10980,75,"other",384.48,24-JUL-14
10981,38,"merchandise",4796.4,04-SEP-14
10982,7,"membership",746.4,24-DEC-13
10982,43,"merchandise",102.33,24-DEC-13
10983,13,"membership",2186.058,24-JUL-14
10983,57,"other",293.4,24-JUL-14
10984,16,"membership",552.75,27-FEB-14
10984,24,"membership",92.8,27-FEB-14
10984,36,"merchandise",350,27-FEB-14
10985,16,"membership",371.448,27-FEB-14
10985,18,"membership",245.256,27-FEB-14
10985,32,"merchandise",790.405,27-FEB-14
10986,11,"membership",855.6,27-DEC-13
10986,20,"membership",1211.7,27-DEC-13
10986,76,"other",3689.3,27-DEC-13
10986,77,"other",197.1,27-DEC-13
10987,7,"membership",2467.2,28-MAR-14
10987,43,"merchandise",78.42,28-MAR-14
10987,72,"other",249.4,28-MAR-14
10988,7,"membership",2395.8,28-DEC-13
10988,62,"other",1307.68,28-DEC-13
10989,6,"membership",159.6,28-DEC-13
10989,11,"membership",385.65,28-DEC-13
10989,41,"merchandise",37.36,28-DEC-13
10990,21,"membership",675.35,29-DEC-13
10990,34,"merchandise",516.81,29-DEC-13
10990,55,"other",2942.9075,29-DEC-13
10990,61,"other",2132.031,29-DEC-13
10991,2,"membership",1084.8,29-DEC-13
10991,70,"other",716.16,29-DEC-13
10991,76,"other",43755.1201,29-DEC-13
10992,72,"other",25.6,29-JAN-14
10993,29,"merchandise",7867.5,29-DEC-13
10993,41,"merchandise",442.75,29-DEC-13
10994,59,"other",155.169,30-JUL-14
10995,51,"other",1995.8,30-DEC-13
10995,60,"other",20.84,30-DEC-13
10996,42,"merchandise",568.4,30-DEC-13
10997,32,"merchandise",1016.5,28-AUG-14
10997,46,"merchandise",315.5,28-AUG-14
10997,52,"other",1884.25,28-AUG-14
10998,24,"membership",49.56,30-DEC-13
10998,61,"other",203.77,30-DEC-13
10998,74,"other",633.2,30-DEC-13
10998,75,"other",230.7,30-DEC-13
10999,41,"merchandise",199.5,28-AUG-14
10999,51,"other",1550.9025,28-AUG-14
10999,77,"other",265.482,28-AUG-14
11000,4,"membership",637.1875,03-MAR-14
11000,24,"membership",162.75,03-MAR-14
11000,77,"other",372.6,03-MAR-14
11001,7,"membership",2568.6,03-SEP-14
11001,22,"membership",95.5,03-SEP-14
11001,46,"merchandise",328.5,03-SEP-14
11001,55,"other",217.5,03-SEP-14
11002,13,"membership",1419.04,02-NOV-13
11002,35,"merchandise",100.05,02-NOV-13
11002,42,"merchandise",354.936,02-NOV-13
11002,55,"other",1689.2,02-NOV-13
11003,1,"membership",76,03-JAN-14
11003,40,"merchandise",167.8,03-JAN-14
11003,52,"other",801,03-JAN-14
11004,26,"merchandise",178.08,04-JUL-14
11004,76,"other",2377.44,04-JUL-14
11005,1,"membership",38,04-FEB-14
11005,59,"other",88.5,04-FEB-14
11006,1,"membership",175.52,04-MAR-14
11006,29,"merchandise",327.875,04-MAR-14
11007,8,"membership",616.5,05-JUL-14
11007,29,"merchandise",1344.1,05-JUL-14
11007,42,"merchandise",207.06,05-JUL-14
11008,28,"merchandise",3123.015,05-JAN-14
11008,34,"merchandise",771.12,05-JAN-14
11008,71,"other",617.4,05-JAN-14
11009,24,"membership",50.16,05-JAN-14
11009,36,"merchandise",188.55,05-JAN-14
11009,60,"other",46.8,05-JAN-14
11010,7,"membership",878.8,06-JAN-14
11010,24,"membership",44.7,06-JAN-14
11011,58,"other",1931.16,06-AUG-14
11011,71,"other",634.4,06-AUG-14
11012,19,"membership",473.025,06-JAN-14
11012,60,"other",172.746,06-JAN-14
11012,71,"other",1915.2,06-JAN-14
11013,23,"membership",91.4,06-JAN-14
11013,42,"merchandise",59.16,06-JAN-14
11013,45,"merchandise",179.4,06-JAN-14
11013,68,"other",25.02,06-JAN-14
11014,41,"merchandise",313.544,07-JAN-14
11015,30,"merchandise",425.4,07-JAN-14
11015,77,"other",212.4,07-JAN-14
11016,31,"merchandise",122.85,07-JAN-14
